-- phpMyAdmin SQL Dump
-- version 5.2.1
-- https://www.phpmyadmin.net/
--
-- Host: 127.0.0.1
-- Generation Time: Mar 17, 2025 at 12:05 AM
-- Server version: 10.4.32-MariaDB
-- PHP Version: 8.2.12

SET SQL_MODE = "NO_AUTO_VALUE_ON_ZERO";
START TRANSACTION;
SET time_zone = "+00:00";


/*!40101 SET @OLD_CHARACTER_SET_CLIENT=@@CHARACTER_SET_CLIENT */;
/*!40101 SET @OLD_CHARACTER_SET_RESULTS=@@CHARACTER_SET_RESULTS */;
/*!40101 SET @OLD_COLLATION_CONNECTION=@@COLLATION_CONNECTION */;
/*!40101 SET NAMES utf8mb4 */;

--
-- Database: `csm`
--

-- --------------------------------------------------------

--
-- Table structure for table `app_borrow`
--

CREATE TABLE `app_borrow` (
  `id` int(11) NOT NULL,
  `borrow_no` varchar(20) NOT NULL COMMENT 'เลขที่ใบเบิก',
  `transaction_date` date NOT NULL COMMENT 'วันเวลาที่ทำรายการ',
  `borrower_id` int(11) NOT NULL COMMENT 'ผู้เบิก',
  `borrow_date` date NOT NULL COMMENT 'วันที่ต้องการเบิก',
  `return_date` date DEFAULT NULL COMMENT 'กำหนดคืน',
  `advisor` varchar(255) NOT NULL
) ENGINE=InnoDB DEFAULT CHARSET=utf8 COLLATE=utf8_general_ci;

--
-- Dumping data for table `app_borrow`
--

INSERT INTO `app_borrow` (`id`, `borrow_no`, `transaction_date`, `borrower_id`, `borrow_date`, `return_date`, `advisor`) VALUES
(1, 'B6803-0014', '2025-03-13', 5, '2025-03-15', NULL, 'อาจารย์ สุรพล ชุ่มกลิ่น 0988888888'),
(2, 'B6803-0015', '2025-03-13', 5, '2025-03-13', NULL, 'อาจารย์ สุรพล ชุ่มกลิ่น 0988888888'),
(3, 'B6803-0016', '2025-03-13', 5, '2025-03-13', NULL, 'อาจารย์ สุรพล ชุ่มกลิ่น 0988888888'),
(4, 'B6803-0017', '2025-03-13', 5, '2025-03-19', NULL, 'อาจารย์ สุรพล ชุ่มกลิ่น 0988888888'),
(5, 'B6803-0018', '2025-03-13', 10, '2025-03-13', NULL, 'อาจารย์ ราตรี คำมง '),
(12, 'B6803-0025', '2025-03-17', 5, '2025-03-17', NULL, '');

-- --------------------------------------------------------

--
-- Table structure for table `app_borrow_items`
--

CREATE TABLE `app_borrow_items` (
  `id` int(11) NOT NULL,
  `borrow_id` int(11) NOT NULL,
  `topic` varchar(90) NOT NULL,
  `num_requests` int(11) NOT NULL,
  `amount` int(11) NOT NULL DEFAULT 0,
  `status` tinyint(4) NOT NULL,
  `unit` varchar(50) DEFAULT NULL,
  `product_no` varchar(150) DEFAULT NULL,
  `advisor` varchar(255) DEFAULT NULL
) ENGINE=InnoDB DEFAULT CHARSET=utf8 COLLATE=utf8_general_ci;

--
-- Dumping data for table `app_borrow_items`
--

INSERT INTO `app_borrow_items` (`id`, `borrow_id`, `topic`, `num_requests`, `amount`, `status`, `unit`, `product_no`, `advisor`) VALUES
(0, 1, '1-pentanol', 20, 20, 4, 'มิลลิลิตร(mL)', 'CHEM_004', '?'),
(0, 2, 'COPPER SULFATE PENTAHYDRATE', 10, 5, 4, 'กรัม(g/gm)', 'CHEM_021', '?'),
(1, 2, 'L-arginine monohydrochloride', 20, 0, 1, 'กรัม(g/gm)', 'CHEM_046', '?'),
(0, 3, '1-pentanol', 20, 20, 4, 'มิลลิลิตร(mL)', 'CHEM_004', '?'),
(1, 3, 'Acetanilide', 15, 15, 4, 'กรัม(g/gm)', 'CHEM_008', '?'),
(2, 3, 'Zinc Oxide', 10, 10, 4, 'กรัม(g/gm)', 'CHEM_097', '?'),
(0, 4, 'COPPER SULFATE PENTAHYDRATE', 20, 20, 2, 'กรัม(g/gm)', 'CHEM_021', '?'),
(0, 5, '1-hexanol', 10, 0, 1, 'มิลลิลิตร(mL)', 'CHEM_002', '?'),
(1, 5, 'Acetophenone', 20, 20, 2, 'มิลลิลิตร(mL)', 'CHEM_011', '?'),
(0, 12, 'Acetanilide', 1, 0, 0, 'กรัม(g/gm)', 'CHEM_008', NULL);

-- --------------------------------------------------------

--
-- Table structure for table `app_category`
--

CREATE TABLE `app_category` (
  `type` varchar(20) NOT NULL,
  `category_id` varchar(10) DEFAULT '0',
  `language` varchar(2) DEFAULT '',
  `topic` varchar(150) NOT NULL,
  `color` varchar(16) DEFAULT NULL,
  `published` tinyint(1) DEFAULT 1
) ENGINE=InnoDB DEFAULT CHARSET=utf8 COLLATE=utf8_general_ci;

--
-- Dumping data for table `app_category`
--

INSERT INTO `app_category` (`type`, `category_id`, `language`, `topic`, `color`, `published`) VALUES
('category_id', '1', '', 'TRUE', NULL, 1),
('category_id', '2', '', 'FALSE', NULL, 1),
('type_id', '1', '', 'STC208', NULL, 1),
('model_id', '1', '', '-', NULL, 1),
('model_id', '2', '', 'ACROS', NULL, 1),
('model_id', '3', '', 'Ajax Finechem Pty.Ltd', NULL, 1),
('model_id', '4', '', 'Ajax finechem', NULL, 1),
('model_id', '5', '', 'Appliclem Panreac', NULL, 1),
('model_id', '6', '', 'DUKSAN PURE CHEMICAL', NULL, 1),
('model_id', '7', '', 'FLUKA', NULL, 1),
('model_id', '8', '', 'Fisher Chemical', NULL, 1),
('model_id', '9', '', 'Fisher Scientific UK', NULL, 1),
('model_id', '10', '', 'HIMEDIA', NULL, 1),
('model_id', '11', '', 'Himedia laboratories Pvt. Ltd', NULL, 1),
('model_id', '12', '', 'J.T. Baker', NULL, 1),
('model_id', '13', '', 'Kemaus', NULL, 1),
('model_id', '14', '', 'Lab-scan.asia', NULL, 1),
('model_id', '15', '', 'Loba chemie PVT.LTD.', NULL, 1),
('model_id', '16', '', 'MALLIN CKR ODT Chemical', NULL, 1),
('model_id', '17', '', 'Merck', NULL, 1),
('model_id', '18', '', 'Nur fur laborzwecke gepruft .', NULL, 1),
('model_id', '19', '', 'QReC', NULL, 1),
('model_id', '20', '', 'RCI LABSCAN LIMITED', NULL, 1),
('model_id', '21', '', 'RCI LABSCAN​ LIMITED', NULL, 1),
('model_id', '22', '', 'RCI Labscan Limited', NULL, 1),
('model_id', '23', '', 'Riedel-de Haën', NULL, 1),
('model_id', '24', '', 'SIGMA-ALDRICH', NULL, 1),
('unit', '1', '', 'กรัม(g/gm)', NULL, 1),
('unit', '2', '', 'มิลลิลิตร(mL)', NULL, 1),
('unit', '3', '', 'เหลวไปแล้ว', NULL, 1),
('unit', '4', '', 'ลิตร(L)', NULL, 1),
('type_id', '2', '', 'STA207', NULL, 1);

-- --------------------------------------------------------

--
-- Table structure for table `app_inventory`
--

CREATE TABLE `app_inventory` (
  `id` int(11) NOT NULL,
  `category_id` varchar(10) DEFAULT NULL,
  `model_id` int(11) NOT NULL,
  `type_id` int(11) NOT NULL,
  `topic` varchar(64) NOT NULL,
  `inuse` tinyint(1) DEFAULT 1,
  `count_stock` tinyint(1) DEFAULT 1,
  `cheme_no` varchar(255) NOT NULL,
  `sds` varchar(255) NOT NULL,
  `un_class` varchar(255) NOT NULL,
  `grade` varchar(255) NOT NULL,
  `exp` varchar(255) NOT NULL,
  `seller` varchar(255) NOT NULL,
  `size` int(10) NOT NULL,
  `mj` varchar(255) NOT NULL
) ENGINE=InnoDB DEFAULT CHARSET=utf8 COLLATE=utf8_general_ci;

--
-- Dumping data for table `app_inventory`
--

INSERT INTO `app_inventory` (`id`, `category_id`, `model_id`, `type_id`, `topic`, `inuse`, `count_stock`, `cheme_no`, `sds`, `un_class`, `grade`, `exp`, `seller`, `size`, `mj`) VALUES
(1, '1', 15, 1, '1,10-Phenanthroline monohydrate', 0, 1, '5144-89-8', 'B', '6', 'AR/ACS', '2023-11-19', 'Loba chemie PVT.LTD.', 5, 'เคมี'),
(2, '1', 17, 1, '1-hexanol', 1, 1, '111-27-3', 'R', '3', 'For Synthesis', '2024-06-17', 'Merck', 1000, 'เคมี'),
(3, '1', 15, 1, '1-NAPHTHOL', 0, 1, '90-15-3', 'B', '6', 'AR', '2023-11-19', 'Loba chemie PVT.LTD.', 100, 'เคมี'),
(4, '1', 15, 1, '1-pentanol', 1, 1, '71-41-0', 'Y', '5.1', 'AR', '2024-06-17', 'Loba chemie PVT.LTD.', 500, 'เคมี'),
(5, '1', 15, 1, '2,6-dichlorophenol indophenol sodium salt', 1, 1, '620-45-1', 'G', '0', 'AR/ACS', '2023-11-19', 'Loba chemie PVT.LTD.', 5, 'เคมี'),
(6, '1', 9, 1, 'Acetaldehyde', 1, 1, '75-07-0', 'B', '6', 'Laboratory reagent', '2023-11-19', 'Fisher Scientific UK', 500, 'เคมี'),
(7, '1', 11, 1, 'Acetamide', 1, 1, '60-35-5', 'B', '6', 'AR', '2023-11-19', 'Himedia laboratories Pvt. Ltd', 100, 'เคมี'),
(8, '1', 15, 1, 'Acetanilide', 1, 1, '130-84-4', 'B', '6', 'AR', '2023-11-19', 'Loba chemie PVT.LTD.', 500, 'เคมี'),
(9, '1', 20, 1, 'ACETIC ACID, GLACIAL', 1, 1, '64-19-7', 'W', '8', 'AR', '2024-06-17', 'V.S.CHEM HOUSE', 2500, 'เคมี'),
(10, '1', 20, 1, 'ACETONE', 0, 1, '67-64-1', 'R', '3', 'AR', '2024-06-17', 'V.S.CHEM HOUSE', 2500, 'เคมี'),
(11, '1', 17, 1, 'Acetophenone', 1, 1, '98-86-2', 'B', '6', 'AR', '2023-11-19', 'Merck Thailand', 1000, 'เคมี'),
(12, '1', 15, 1, 'Ammonia solution', 1, 1, '1336-21-6', 'B', '6', 'AR/ACS', '2024-06-17', 'Loba chemie PVT.LTD.', 2500, 'เคมี'),
(13, '1', 18, 1, 'Ammonium Acetate', 1, 1, '631-61-8', 'G', '0', 'AR', '2023-11-19', 'V.S.CHEM HOUSE', 500, 'เคมี'),
(14, '1', 15, 1, 'Ammonium Chloride', 1, 1, '3734-64-6', 'B', '6', 'AR/ACS', '2023-11-19', 'Loba chemie PVT.LTD.', 500, 'เคมี'),
(15, '1', 15, 1, 'Ammonium molybdate tetrahydrate', 1, 1, '12054-85-2', 'B', '6', 'AR/ACS', '2023-11-19', 'Loba chemie PVT.LTD.', 500, 'เคมี'),
(16, '1', 20, 1, 'Ammonium sulfate', 1, 1, '7783-20-2', 'B', '6', 'AR', '2023-11-19', 'V.S.CHEM HOUSE', 1000, 'เคมี'),
(17, '1', 19, 1, 'Barium acetate', 1, 1, '543-80-6', 'B', '6', 'AR', '2023-11-19', 'QReC New Zealand', 500, 'เคมี'),
(18, '1', 12, 1, 'Ammouium hydroxide', 0, 1, '1336-21-6', 'W', '8', 'ACS', '2024-06-17', 'J.T. Baker', 2500, 'เคมี'),
(19, '1', 7, 1, 'Benzoic acid', 0, 1, '65-85-0', 'B', '6', 'For Laboratory', '2024-06-17', 'FLUKA', 1000, 'เคมี'),
(20, '1', 14, 1, 'Butan-1-ol', 0, 1, '71-36-3', 'B', '6', 'Analytical reagent', '2024-06-17', 'Lab-scan.asia', 2500, 'เคมี'),
(21, '1', 8, 1, 'COPPER SULFATE PENTAHYDRATE', 1, 1, '7758-99-8', 'B', '6', 'AR', '2023-11-19', 'Fisher Sciencetific', 1000, 'เคมี'),
(22, '1', 20, 1, 'CYCLOHEXANE', 0, 1, '110-82-7', 'R', '4', 'AR', '2024-06-17', 'V.S.CHEM HOUSE', 2500, 'เคมี'),
(23, '1', 4, 1, 'Cyclohexene', 0, 1, '110-83-8', 'B', '6', 'AR', '2024-06-17', 'Ajax finechem', 500, 'เคมี'),
(24, '1', 15, 1, 'D-FRUCTOSE', 0, 1, '57-48-7', 'G', '0', 'AR', '2023-11-19', 'Loba chemie PVT.LTD.', 100, 'เคมี'),
(25, '1', 10, 1, 'Dichlorofluorescein', 1, 1, '76-54-0', 'B', '6', 'AR/ACS', '2023-11-19', 'HIMEDIA laboratories Pvt.Ltd.', 10, 'เคมี'),
(26, '1', 15, 1, 'Dichloromethane', 1, 1, '75-09-2', 'B', '6', 'AR/ACS', '2024-06-17', 'Loba chemie PVT.LTD.', 2500, 'เคมี'),
(27, '1', 5, 1, 'Diethylamine', 1, 1, '109-89-7', 'R', '3', 'AR', '2023-11-19', 'Panreac Quimica SLU - an ITW', 1000, 'เคมี'),
(28, '1', 15, 1, 'Diethyl ether', 0, 1, '60-29-7', 'R', '3', 'AR', '2024-06-17', 'Loba chemie PVT.LTD.', 4000, 'เคมี'),
(29, '1', 10, 1, 'EDTA magnesium disodium salt', 1, 1, '14402-88-1', 'G', '0', 'AR/ACS', '2023-11-19', 'HIMEDIA laboratories Pvt.Ltd.', 500, 'เคมี'),
(30, '1', 20, 1, 'ETHYL ACETATE', 0, 1, '141-78-6', 'R', '3', 'AR', '2024-06-17', 'V.S.CHEM HOUSE', 2500, 'เคมี'),
(31, '1', 6, 1, 'Ethyl alcohol', 0, 1, '64-17-5', 'R', '3', 'GR grade', '2024-06-17', 'DUKSAN PURE CHEMICAL', 4000, 'เคมี'),
(32, '1', 20, 1, 'ERIOCHROME BLACK T', 1, 1, '1787-61-7', 'B', '6', 'AR', '2023-11-19', 'V.S.CHEM HOUSE', 25, 'เคมี'),
(33, '1', 15, 1, 'FERRIC NITRATE NONAHYDRATE', 1, 1, '7782-61-8', 'Y', '5.1', 'AR/ACS', '2023-11-19', 'Loba chemie PVT.LTD.', 500, 'เคมี'),
(34, '1', 15, 1, 'FERRIC SULPHATE HYDRATE', 1, 1, '4874078', 'B', '6', 'AR', '2023-11-19', 'Loba chemie PVT.LTD.', 500, 'เคมี'),
(35, '1', 2, 1, 'Glyoxylic acid', 0, 1, '0298-12-4', 'W', '8', 'Organic', '2023-06-06', 'ACROS', 5, 'เคมี'),
(36, '1', 16, 1, 'Hexane', 0, 1, '110-54-3', 'R', '3', 'AR', '2024-06-17', 'MALLIN CKR ODT Chemical', 4000, 'เคมี'),
(37, '1', 20, 1, 'Hydrochloric acid', 1, 1, '7647-01-0', 'W', '8', 'AR', '2024-06-17', 'V.S.CHEM HOUSE', 2500, 'เคมี'),
(38, '1', 15, 1, 'Hydrochloric acid 35.4%', 1, 1, '7647-01-0', 'W', '8', 'AR', '2024-06-17', 'Loba chemie PVT.LTD.', 2500, 'เคมี'),
(39, '1', 20, 1, 'Hydrochloric acid 37%', 1, 1, '7647-01-0', 'W', '8', 'AR', '2024-06-17', 'V.S.CHEM HOUSE', 2500, 'เคมี'),
(40, '1', 15, 1, 'Hydroxylamine', 1, 1, '7803-49-8', 'W', '8', 'AR/ACS', '2023-06-06', 'Loba chemie PVT.LTD.', 500, 'เคมี'),
(41, '1', 15, 1, 'HYDROXYLAMINE HYDROCHIORIDE', 0, 1, '-', 'W', '8', 'AR/ACS', '2023-11-19', 'Loba chemie PVT.LTD.', 500, 'เคมี'),
(42, '1', 20, 1, 'IODINE(RESUBLIMED)', 1, 1, '7553-56-2', 'B', '6', 'AR', '2023-11-19', 'V.S.CHEM HOUSE', 500, 'เคมี'),
(43, '1', 23, 1, 'Iron(II) sulfate-7-hydrate', 0, 1, '7720-78-7', 'B', '6', '-', '2024-06-17', 'Riedel-de Haën', 1000, 'เคมี'),
(44, '1', 15, 1, 'LACTOSE MONOHYDRATE', 1, 1, '10039-26-6', 'G', '-', 'AR', '2023-11-19', 'Loba chemie PVT.LTD.', 500, 'เคมี'),
(45, '1', 15, 1, 'L-arginine monohydrochloride', 1, 1, '1119-34-2', 'G', '-', 'AR', '2023-11-19', 'Loba chemie PVT.LTD.', 25, 'เคมี'),
(46, '1', 11, 1, 'L-aspartic acid', 1, 1, '56-84-8', 'G', '-', '-', '2023-11-19', 'Himedia laboratories', 25, 'เคมี'),
(47, '1', 2, 1, 'Lead (II) chloride', 1, 1, '7758-95-4', 'B', '6', 'Organic', '2023-06-06', 'ACROS', 50, 'เคมี'),
(48, '1', 3, 1, 'Lead (III) nitrate', 1, 1, '10099-74-8', 'B', '6', 'Analytical reagent', '2024-06-06', 'Ajax Finechem Pty.Ltd', 500, 'เคมี'),
(49, '1', 15, 1, 'LEAD ACETATE TRIHYDRATE', 1, 1, '6080-56-4', 'B', '6', 'AR/ACS', '2023-11-19', 'Loba chemie PVT.LTD.', 500, 'เคมี'),
(50, '0', 11, 0, 'L-glutamine acid-5-amide', 1, 1, '56-85-9', 'G', '-', 'AR', '2023-11-19', 'Himedia laboratories Pvt. Ltd', 25, 'เคมี'),
(51, '1', 11, 1, 'L-methionine', 1, 1, '63-68-3', 'G', '-', 'AR', '2023-11-19', 'Himedia laboratories Pvt. Ltd', 25, 'เคมี'),
(52, '1', 11, 1, 'L-phenylalanine', 1, 1, '63-91-2', 'G', '-', 'AR', '2023-11-19', 'Himedia laboratories Pvt. Ltd', 25, 'เคมี'),
(53, '1', 20, 1, 'Magnesium chloride hexahydrate', 1, 1, '7791-18-6', 'G', '-', 'AR', '2024-06-17', 'RCI LABSCAN LIMITED', 500, 'เคมี'),
(54, '1', 15, 1, 'Magnesium dioxide', 1, 1, '1313-13-9', 'B', '6', 'AR', '2024-06-17', 'Loba chemie PVT.LTD.', 500, 'เคมี'),
(55, '1', 13, 1, 'Magnesium powder', 1, 1, '7439-95-4', 'R', '4', 'Laboratory reagent', '2023-06-06', 'Kemaus', 100, 'เคมี'),
(56, '1', 15, 1, 'MERCURIC CHLORIDE', 0, 1, '7487-94-7', 'W', '8', 'AR/ACS', '2023-11-19', 'Loba chemie PVT.LTD.', 100, 'เคมี'),
(57, '1', 19, 1, 'Mercury Chloride', 1, 1, '7487-94-7', 'W', '8', 'AR', '2023-11-19', 'QReC New Zealand', 100, 'เคมี'),
(58, '1', 20, 1, 'Nitric acid', 1, 1, '7697-37-2', 'Y', '5.1', 'AR', '2024-06-17', 'V.S.CHEM HOUSE', 2500, 'เคมี'),
(59, '1', 15, 1, 'Orcinol monohydrate', 0, 1, '6153-39-5', 'B', '6', 'For synthesis', '2023-06-06', 'Loba chemie PVT.LTD.', 25, 'เคมี'),
(60, '0', 1, 0, 'Paraffin oil', 1, 1, '8012-95-1', 'B', '6', '-', '2024-06-17', '-', 450, 'เคมี'),
(61, '1', 15, 1, 'Perchloric acid', 1, 1, '7601-90-3', 'Y', '5.1', 'AR/ACS', '2023-06-06', 'Loba chemie PVT.LTD.', 500, 'เคมี'),
(62, '1', 20, 1, 'Petroleum ether', 1, 1, '64742-49-0', 'R', '3', 'AR', '2024-06-17', 'V.S.CHEM HOUSE', 2500, 'เคมี'),
(63, '1', 20, 1, 'PROPAN-2-OL', 0, 1, '67-63-0', 'R', '3', 'AR', '2024-06-17', 'V.S.CHEM HOUSE', 2500, 'เคมี'),
(64, '1', 15, 1, 'Phenol detached', 1, 1, '108-95-2', 'W', '8', 'AR/ACS', '2023-06-06', 'บริษัท​ พีพี​ เคมีคอลแอนด์โฮลดิ้ง​ จำกัด', 500, 'เคมี'),
(65, '1', 7, 1, 'Phenolphthalein', 1, 1, '-', 'G', '-', '-', '2024-06-17', 'FLUKA', 100, 'เคมี'),
(66, '1', 3, 1, 'Potassium chloride', 1, 1, '7447-40-7', 'B', '6', 'Analytical reagent', '2023-06-06', 'Ajax Finechem Pty.Ltd', 1000, 'เคมี'),
(67, '1', 15, 1, 'Potassium chromate', 1, 1, '7789-00-6', 'B', '6', 'AR', '2023-06-06', 'Loba chemie PVT.LTD.', 500, 'เคมี'),
(68, '1', 15, 1, 'Potassium dichromate', 0, 1, '7788-50-9', 'W', '8', 'AR', '2023-06-06', 'Loba chemie PVT.LTD.', 500, 'เคมี'),
(69, '1', 20, 1, 'Potassium dihydrogen orthophosphate anhydrous', 1, 1, '7778-77-0', 'G', '-', 'AR', '2023-06-06', 'V.S.CHEM HOUSE', 500, 'เคมี'),
(70, '1', 15, 1, 'POTASSIUM HYDROXIDE PELLETS', 1, 1, '1310-58-3', 'W', '8', 'AR', '2023-06-19', 'Loba chemie PVT.LTD.', 1000, 'เคมี'),
(71, '1', 13, 1, 'Potassium iodide', 1, 1, '7681-11-0', 'B', '6', 'Analytical reagent', '2023-06-06', 'Kemaus', 500, 'เคมี'),
(72, '1', 20, 1, 'Potassium sodium tartrate tetrahydrate', 1, 1, '6381-59-5', 'G', '-', 'AR', '2023-06-19', 'V.S.CHEM HOUSE', 500, 'เคมี'),
(73, '1', 3, 1, 'Potassium​ sulphate', 1, 1, '7778-80-5', 'R', '4', 'Analytical reagent', '2023-06-06', 'Ajax Finechem Pty.Ltd', 1000, 'เคมี'),
(74, '1', 15, 1, 'Potassium​ thiocyanate', 0, 1, '333-20-0', 'B', '6', 'AR/ACS', '2023-06-06', 'Loba chemie PVT.LTD.', 500, 'เคมี'),
(75, '1', 1, 1, 'Salicylic acid', 0, 1, '69-72-7', 'B', '6', 'AR', '2024-06-17', '-', 500, 'เคมี'),
(76, '1', 15, 1, 'Silver nitrate', 0, 1, '7761-88-8', 'Y', '5.1', 'AR/ACS', '2024-06-16', 'Loba chemie PVT.LTD.', 80, 'เคมี'),
(77, '1', 24, 1, 'Sodium arsenate dibasic heptahydrate', 1, 1, '10048-96-0', 'B', '6', '-', '2024-06-17', 'SIGMA-ALDRICH', 50, 'เคมี'),
(78, '1', 15, 1, 'Sodium azide', 0, 1, '26628-22-8', 'B', '6', 'AR', '2024-06-17', 'Loba chemie PVT.LTD.', 100, 'เคมี'),
(79, '1', 15, 1, 'Sodium carbonate anhydrous', 0, 1, '497-19-8', 'B', '6', 'AR', '2024-06-17', 'Loba chemie PVT.LTD.', 500, 'เคมี'),
(80, '1', 20, 1, 'Sodium chloride', 1, 1, '7647-14-5', 'G', '-', 'AR', '2024-06-17', 'RCI LABSCAN LIMITED', 1000, 'เคมี'),
(81, '1', 1, 1, 'Sodium iodide', 0, 1, '7681-82-5', 'B', '6', 'AR', '2024-06-17', '-', 500, 'เคมี'),
(82, '1', 20, 1, 'Sodium hydrogen carbonate', 1, 1, '144-55-8', 'B', '6', 'AR', '2023-11-19', 'V.S.CHEM HOUSE', 1000, 'เคมี'),
(83, '1', 20, 1, 'SODIUM HYDROXIDE', 1, 1, '1310-73-2', 'W', '8', 'AR', '2023-06-19', 'V.S.CHEM HOUSE', 1000, 'เคมี'),
(84, '1', 15, 1, 'SODIUM NITROPRUSSIDE', 0, 1, '13755-38-9', 'B', '6', 'AR/ACS', '2023-11-19', 'Loba chemie PVT.LTD.', 100, 'เคมี'),
(85, '1', 20, 1, 'Sodium thiosulfate(pentahydrate)', 1, 1, '10102-17-7', 'B', '6', 'AR', '2023-11-19', 'V.S.CHEM HOUSE', 1000, 'เคมี'),
(86, '1', 20, 1, 'Sulfuric acid', 1, 1, '7664-93-9', 'W', '8', 'AR', '2024-06-17', 'V.S.CHEM HOUSE', 2500, 'เคมี'),
(87, '1', 21, 1, 'Sulfuric acid', 0, 1, '7664-93-9', 'W', '8', 'Laboratory reagent', '2024-06-17', 'RCI LABSCAN​ LIMITED', 1000, 'เคมี'),
(88, '1', 15, 1, 'THIOUREA', 0, 1, '62-56-6', 'B', '6', 'AR', '2023-11-19', 'Loba chemie PVT.LTD.', 500, 'เคมี'),
(89, '1', 3, 1, 'Titanium dioxide', 1, 1, '13463-67-7', 'B', '6', 'Laboratory reagent', '2023-06-06', 'Ajax Finechem', 500, 'เคมี'),
(90, '1', 20, 1, 'TOLUENE', 0, 1, '108-88-3', 'R', '3', 'AR', '2024-06-17', 'V.S.CHEM HOUSE', 2500, 'เคมี'),
(91, '1', 15, 1, 'Trichloroacetic acid', 0, 1, '76-03-9', 'W', '8', 'ACS reagent', '2023-06-06', 'Loba chemie PVT.LTD.', 100, 'เคมี'),
(92, '1', 17, 1, 'Trimethylamine', 1, 1, '75-50-3', 'R', '3', 'ACS reagent', '2023-06-06', 'Merck Thailand', 100, 'เคมี'),
(93, '1', 15, 1, 'Tri-sodium citrate dihydrate', 1, 1, '-', 'B', '6', 'AR/ACS', '2023-11-19', 'Loba chemie PVT.LTD.', 500, 'เคมี'),
(94, '1', 3, 1, 'tri-SODIUM ORTHOPHOSPHATE', 1, 1, '7601-54-9', 'B', '6', '-', '2023-06-06', 'Ajax Finechem Pty.Ltd', 500, 'เคมี'),
(95, '1', 15, 1, 'Zinc chloride dry', 0, 1, '7646-85-7', 'W', '8', 'AR/ACS', '2024-06-17', 'Loba chemie PVT.LTD.', 500, 'เคมี'),
(96, '1', 15, 1, 'Zinc Oxide', 1, 1, '1314-13-2', 'B', '6', 'AR', '2023-11-19', 'Loba chemie PVT.LTD.', 500, 'เคมี');

-- --------------------------------------------------------

--
-- Table structure for table `app_inventory_items`
--

CREATE TABLE `app_inventory_items` (
  `product_no` varchar(150) NOT NULL,
  `inventory_id` int(11) NOT NULL,
  `unit` varchar(50) DEFAULT NULL,
  `stock` float NOT NULL DEFAULT 0,
  `cheme_no` varchar(255) NOT NULL,
  `sds` varchar(255) NOT NULL,
  `un_class` varchar(255) NOT NULL,
  `grade` varchar(255) NOT NULL,
  `exp` varchar(255) NOT NULL,
  `seller` varchar(255) NOT NULL,
  `size` int(10) NOT NULL,
  `mj` varchar(255) NOT NULL
) ENGINE=InnoDB DEFAULT CHARSET=utf8 COLLATE=utf8_general_ci;

--
-- Dumping data for table `app_inventory_items`
--

INSERT INTO `app_inventory_items` (`product_no`, `inventory_id`, `unit`, `stock`, `cheme_no`, `sds`, `un_class`, `grade`, `exp`, `seller`, `size`, `mj`) VALUES
('CHEM_001', 1, 'กรัม(g/gm)', 100, '', '', '', '', '', '', 100, 'เคมี'),
('CHEM_002', 2, 'กรัม(g/gm)', 100, '', '', '', '', '', '', 100, 'เคมี'),
('CHEM_003', 3, 'กรัม(g/gm)', 100, '', '', '', '', '', '', 100, 'เคมี'),
('CHEM_004', 4, 'กรัม(g/gm)', 100, '', '', '', '', '', '', 100, 'เคมี'),
('CHEM_005', 5, 'กรัม(g/gm)', 0, '620-45-1', 'G', '0', 'AR/ACS', '2023-11-19', 'Loba chemie PVT.LTD.', 5, 'เคมี'),
('CHEM_006', 6, 'มิลลิลิตร(mL)', 28, '75-07-0', 'B', '6', 'Laboratory reagent', '2023-11-19', 'Fisher Scientific UK', 500, 'เคมี'),
('CHEM_007', 7, 'กรัม(g/gm)', 100, '', '', '', '', '', '', 100, 'เคมี'),
('CHEM_008', 8, 'กรัม(g/gm)', 1, '', '', '', '', '', '', 1, 'เคมี'),
('CHEM_009', 9, 'กรัม(g/gm)', 1, '', '', '', '', '', '', 1, 'เคมี'),
('CHEM_010', 10, 'มิลลิลิตร(mL)', 500, '67-64-1', 'R', '3', 'AR', '2024-06-17', 'V.S.CHEM HOUSE', 2500, 'เคมี'),
('CHEM_011', 11, 'มิลลิลิตร(mL)', 929, '98-86-2', 'B', '6', 'AR', '2023-11-19', 'Merck Thailand', 1000, 'เคมี'),
('CHEM_012', 12, 'มิลลิลิตร(mL)', 1995, '1336-21-6', 'B', '6', 'AR/ACS', '2024-06-17', 'Loba chemie PVT.LTD.', 2500, 'เคมี'),
('CHEM_013', 13, 'กรัม(g/gm)', 200, '631-61-8', 'G', '0', 'AR', '2023-11-19', 'V.S.CHEM HOUSE', 500, 'เคมี'),
('CHEM_014', 14, 'กรัม(g/gm)', 200, '3734-64-6', 'B', '6', 'AR/ACS', '2024-06-17', 'Loba chemie PVT.LTD.', 500, 'เคมี'),
('CHEM_015', 18, 'มิลลิลิตร(mL)', 400, '1336-21-6', 'W', '8', 'ACS', '2024-06-17', 'J.T. Baker', 2500, 'เคมี'),
('CHEM_016', 15, 'กรัม(g/gm)', 500, '12054-85-2', 'B', '6', 'AR/ACS', '2023-11-19', 'Loba chemie PVT.LTD.', 500, 'เคมี'),
('CHEM_017', 16, 'กรัม(g/gm)', 1000, '7783-20-2', 'B', '6', 'AR', '2023-11-19', 'V.S.CHEM HOUSE', 1000, 'เคมี'),
('CHEM_018', 17, 'กรัม(g/gm)', 500, '543-80-6', 'B', '6', 'AR', '2023-11-19', 'QReC New Zealand', 500, 'เคมี'),
('CHEM_019', 19, 'กรัม(g/gm)', 1, '', '', '', '', '', '', 1000, 'เคมี'),
('CHEM_020', 20, 'มิลลิลิตร(mL)', 2200, '71-36-3', 'B', '6', 'Analytical reagent', '2024-06-17', 'Lab-scan.asia', 2500, 'เคมี'),
('CHEM_021', 21, 'กรัม(g/gm)', 275, '7758-99-8', 'B', '6', 'AR', '2023-11-19', 'Fisher Sciencetific', 1000, 'เคมี'),
('CHEM_022', 22, 'มิลลิลิตร(mL)', 2300, '110-82-7', 'R', '4', 'AR', '2024-06-17', 'V.S.CHEM HOUSE', 2500, 'เคมี'),
('CHEM_023', 23, 'มิลลิลิตร(mL)', 250, '110-83-8', 'B', '6', 'AR', '2024-06-17', 'Ajax finechem', 500, 'เคมี'),
('CHEM_024', 24, 'กรัม(g/gm)', 1, '', '', '', '', '', '', 100, 'เคมี'),
('CHEM_026', 25, 'กรัม(g/gm)', 0, '76-54-0', 'B', '6', 'AR/ACS', '2023-11-19', 'HIMEDIA laboratories Pvt.Ltd.', 10, 'เคมี'),
('CHEM_027', 26, 'มิลลิลิตร(mL)', 2000, '75-09-2', 'B', '6', 'AR/ACS', '2024-06-17', 'Loba chemie PVT.LTD.', 2500, 'เคมี'),
('CHEM_028', 27, 'กรัม(g/gm)', 1, '', '', '', '', '', '', 1, 'เคมี'),
('CHEM_029', 28, 'กรัม(g/gm)', 1, '', '', '', '', '', '', 1, 'เคมี'),
('CHEM_030', 29, 'กรัม(g/gm)', 500, '14402-88-1', 'G', '0', 'AR/ACS', '2023-11-19', 'HIMEDIA laboratories Pvt.Ltd.', 500, 'เคมี'),
('CHEM_031', 30, 'มิลลิลิตร(mL)', 2300, '141-78-6', 'R', '3', 'AR', '2024-06-17', 'V.S.CHEM HOUSE', 2500, 'เคมี'),
('CHEM_032', 31, 'มิลลิลิตร(mL)', 3500, '64-17-5', 'R', '3', 'GR grade', '2024-06-17', 'DUKSAN PURE CHEMICAL', 4000, 'เคมี'),
('CHEM_033', 32, 'กรัม(g/gm)', 0, '1787-61-7', 'B', '6', 'AR', '2023-11-19', 'V.S.CHEM HOUSE', 25, 'เคมี'),
('CHEM_034', 33, 'กรัม(g/gm)', 500, '7782-61-8', 'Y', '5.1', 'AR/ACS', '2023-11-19', 'Loba chemie PVT.LTD.', 500, 'เคมี'),
('CHEM_035', 34, 'กรัม(g/gm)', 1, '', '', '', '', '', '', 1, 'เคมี'),
('CHEM_036', 35, 'เหลวไปแล้ว', 1, '0298-12-4', 'W', '8', 'Organic', '2023-06-06', 'ACROS', 5, 'เคมี'),
('CHEM_037', 36, 'มิลลิลิตร(mL)', 3500, '110-54-3', 'R', '3', 'AR', '2024-06-17', 'MALLIN CKR ODT Chemical', 4000, 'เคมี'),
('CHEM_038', 37, 'มิลลิลิตร(mL)', 1000, '', '', '', '', '', '', 1500, 'เคมี'),
('CHEM_039', 38, 'มิลลิลิตร(mL)', 500, '7647-01-0', 'W', '8', 'AR', '2024-06-17', 'Loba chemie PVT.LTD.', 2500, 'เคมี'),
('CHEM_040', 39, 'มิลลิลิตร(mL)', 500, '7647-01-0', 'W', '8', 'AR', '2024-06-17', 'V.S.CHEM HOUSE', 2500, 'เคมี'),
('CHEM_041', 40, 'กรัม(g/gm)', 500, '7803-49-8', 'W', '8', 'AR/ACS', '2023-06-06', 'Loba chemie PVT.LTD.', 500, 'เคมี'),
('CHEM_042', 41, 'กรัม(g/gm)', 500, '-', 'W', '8', 'AR/ACS', '2023-11-19', 'Loba chemie PVT.LTD.', 500, 'เคมี'),
('CHEM_043', 42, 'กรัม(g/gm)', 200, '7553-56-2', 'B', '6', 'AR', '2023-11-19', 'V.S.CHEM HOUSE', 500, 'เคมี'),
('CHEM_044', 43, 'กรัม(g/gm)', 600, '7720-78-7', 'B', '6', '-', '2024-06-17', 'Riedel-de Haën', 1000, 'เคมี'),
('CHEM_045', 44, 'กรัม(g/gm)', 400, '10039-26-6', 'G', '-', 'AR', '2023-11-19', 'Loba chemie PVT.LTD.', 500, 'เคมี'),
('CHEM_046', 45, 'กรัม(g/gm)', 25, '1119-34-2', 'G', '-', 'AR', '2023-11-19', 'Loba chemie PVT.LTD.', 25, 'เคมี'),
('CHEM_047', 46, 'กรัม(g/gm)', 25, '56-84-8', 'G', '-', '-', '2023-11-19', 'Himedia laboratories', 25, 'เคมี'),
('CHEM_048', 47, 'กรัม(g/gm)', 30, '7758-95-4', 'B', '6', 'Organic', '2023-06-06', 'ACROS', 50, 'เคมี'),
('CHEM_049', 48, 'กรัม(g/gm)', 90, '10099-74-8', 'B', '6', 'Analytical reagent', '2024-06-06', 'Ajax Finechem Pty.Ltd', 500, 'เคมี'),
('CHEM_050', 49, 'กรัม(g/gm)', 500, '6080-56-4', 'B', '6', 'AR/ACS', '2023-11-19', 'Loba chemie PVT.LTD.', 500, 'เคมี'),
('CHEM_051', 50, 'กรัม(g/gm)', 15, '56-85-9', 'G', '-', 'AR', '2023-11-19', 'Himedia laboratories Pvt. Ltd', 25, 'เคมี'),
('CHEM_052', 51, 'กรัม(g/gm)', 15, '63-68-3', 'G', '-', 'AR', '2023-11-19', 'Himedia laboratories Pvt. Ltd', 25, 'เคมี'),
('CHEM_053', 52, 'กรัม(g/gm)', 15, '63-91-2', 'G', '-', 'AR', '2023-11-19', 'Himedia laboratories Pvt. Ltd', 25, 'เคมี'),
('CHEM_054', 53, 'กรัม(g/gm)', 400, '7791-18-6', 'G', '-', 'AR', '2024-06-17', 'RCI LABSCAN LIMITED', 500, 'เคมี'),
('CHEM_055', 54, 'กรัม(g/gm)', 480, '1313-13-9', 'B', '6', 'AR', '2024-06-17', 'Loba chemie PVT.LTD.', 500, 'เคมี'),
('CHEM_056', 55, 'กรัม(g/gm)', 80, '7439-95-4', 'R', '4', 'Laboratory reagent', '2023-06-06', 'Kemaus', 100, 'เคมี'),
('CHEM_057', 56, 'กรัม(g/gm)', 50, '7487-94-7', 'W', '8', 'AR/ACS', '2023-11-19', 'Loba chemie PVT.LTD.', 100, 'เคมี'),
('CHEM_058', 57, 'กรัม(g/gm)', 40, '7487-94-7', 'W', '8', 'AR', '2023-11-19', 'QReC New Zealand', 100, 'เคมี'),
('CHEM_059', 58, 'มิลลิลิตร(mL)', 100, '7697-37-2', 'Y', '5.1', 'AR', '2024-06-17', 'V.S.CHEM HOUSE', 2500, 'เคมี'),
('CHEM_060', 59, 'กรัม(g/gm)', 20, '6153-39-5', 'B', '6', 'For synthesis', '2023-06-06', 'Loba chemie PVT.LTD.', 25, 'เคมี'),
('CHEM_061', 60, 'มิลลิลิตร(mL)', 450, '8012-95-1', 'B', '6', '-', '2024-06-17', '-', 450, 'เคมี'),
('CHEM_062', 61, 'มิลลิลิตร(mL)', 300, '7601-90-3', 'Y', '5.1', 'AR/ACS', '2023-06-06', 'Loba chemie PVT.LTD.', 500, 'เคมี'),
('CHEM_063', 62, 'มิลลิลิตร(mL)', 1700, '64742-49-0', 'R', '3', 'AR', '2024-06-17', 'V.S.CHEM HOUSE', 2500, 'เคมี'),
('CHEM_064', 63, 'มิลลิลิตร(mL)', 500, '67-63-0', 'R', '3', 'AR', '2024-06-17', 'V.S.CHEM HOUSE', 2500, 'เคมี'),
('CHEM_065', 64, 'กรัม(g/gm)', 400, '108-95-2', 'W', '8', 'AR/ACS', '2023-06-06', 'บริษัท​ พีพี​ เคมีคอลแอนด์โฮลดิ้ง​ จำกัด', 500, 'เคมี'),
('CHEM_066', 65, 'กรัม(g/gm)', 100, '-', 'G', '-', '-', '2024-06-17', 'FLUKA', 100, 'เคมี'),
('CHEM_067', 66, 'กรัม(g/gm)', 250, '7447-40-7', 'B', '6', 'Analytical reagent', '2023-06-06', 'Ajax Finechem Pty.Ltd', 1000, 'เคมี'),
('CHEM_068', 67, 'กรัม(g/gm)', 480, '7789-00-6', 'B', '6', 'AR', '2023-06-06', 'Loba chemie PVT.LTD.', 500, 'เคมี'),
('CHEM_069', 68, 'กรัม(g/gm)', 500, '7788-50-9', 'W', '8', 'AR', '2023-06-06', 'Loba chemie PVT.LTD.', 500, 'เคมี'),
('CHEM_070', 69, 'กรัม(g/gm)', 500, '7778-77-0', 'G', '-', 'AR', '2023-06-06', 'V.S.CHEM HOUSE', 500, 'เคมี'),
('CHEM_071', 70, 'กรัม(g/gm)', 1000, '1310-58-3', 'W', '8', 'AR', '2023-06-19', 'Loba chemie PVT.LTD.', 1000, 'เคมี'),
('CHEM_072', 71, 'กรัม(g/gm)', 200, '7681-11-0', 'B', '6', 'Analytical reagent', '2023-06-06', 'Kemaus', 500, 'เคมี'),
('CHEM_073', 72, 'กรัม(g/gm)', 500, '6381-59-5', 'G', '-', 'AR', '2023-06-19', 'V.S.CHEM HOUSE', 500, 'เคมี'),
('CHEM_074', 73, 'กรัม(g/gm)', 500, '7778-80-5', 'R', '4', 'Analytical reagent', '2023-06-06', 'Ajax Finechem Pty.Ltd', 1000, 'เคมี'),
('CHEM_075', 74, 'กรัม(g/gm)', 250, '333-20-0', 'B', '6', 'AR/ACS', '2023-06-06', 'Loba chemie PVT.LTD.', 500, 'เคมี'),
('CHEM_076', 75, 'กรัม(g/gm)', 250, '69-72-7', 'B', '6', 'AR', '2024-06-17', '-', 500, 'เคมี'),
('CHEM_077', 76, 'กรัม(g/gm)', 80, '7761-88-8', 'Y', '5.1', 'AR/ACS', '2024-06-16', 'Loba chemie PVT.LTD.', 80, 'เคมี'),
('CHEM_078', 77, 'กรัม(g/gm)', 50, '10048-96-0', 'B', '6', '-', '2024-06-17', 'SIGMA-ALDRICH', 50, 'เคมี'),
('CHEM_079', 78, 'กรัม(g/gm)', 100, '26628-22-8', 'B', '6', 'AR', '2024-06-17', 'Loba chemie PVT.LTD.', 100, 'เคมี'),
('CHEM_080', 79, 'กรัม(g/gm)', 400, '497-19-8', 'B', '6', 'AR', '2024-06-17', 'Loba chemie PVT.LTD.', 500, 'เคมี'),
('CHEM_081', 80, 'กรัม(g/gm)', 500, '7647-14-5', 'G', '-', 'AR', '2024-06-17', 'RCI LABSCAN LIMITED', 1000, 'เคมี'),
('CHEM_082', 81, 'กรัม(g/gm)', 450, '7681-82-5', 'B', '6', 'AR', '2024-06-17', '-', 500, 'เคมี'),
('CHEM_083', 82, 'กรัม(g/gm)', 500, '144-55-8', 'B', '6', 'AR', '2023-11-19', 'V.S.CHEM HOUSE', 1000, 'เคมี'),
('CHEM_084', 83, 'กรัม(g/gm)', 1000, '1310-73-2', 'W', '8', 'AR', '2023-06-19', 'V.S.CHEM HOUSE', 1000, 'เคมี'),
('CHEM_085', 84, 'กรัม(g/gm)', 70, '13755-38-9', 'B', '6', 'AR/ACS', '2023-11-19', 'Loba chemie PVT.LTD.', 100, 'เคมี'),
('CHEM_086', 85, 'กรัม(g/gm)', 1000, '10102-17-7', 'B', '6', 'AR', '2023-11-19', 'V.S.CHEM HOUSE', 1000, 'เคมี'),
('CHEM_087', 86, 'มิลลิลิตร(mL)', 2000, '7664-93-9', 'W', '8', 'AR', '2024-06-17', 'V.S.CHEM HOUSE', 2500, 'เคมี'),
('CHEM_088', 87, 'มิลลิลิตร(mL)', 30, '7664-93-9', 'W', '8', 'Laboratory reagent', '2024-06-17', 'RCI LABSCAN​ LIMITED', 1000, 'เคมี'),
('CHEM_089', 88, 'กรัม(g/gm)', 500, '62-56-6', 'B', '6', 'AR', '2023-11-19', 'Loba chemie PVT.LTD.', 500, 'เคมี'),
('CHEM_090', 89, 'กรัม(g/gm)', 500, '13463-67-7', 'B', '6', 'Laboratory reagent', '2023-06-06', 'Ajax Finechem', 500, 'เคมี'),
('CHEM_091', 90, 'มิลลิลิตร(mL)', 300, '108-88-3', 'R', '3', 'AR', '2024-06-17', 'V.S.CHEM HOUSE', 2500, 'เคมี'),
('CHEM_092', 91, 'เหลวไปแล้ว', 1, '76-03-9', 'W', '8', 'ACS reagent', '2023-06-06', 'Loba chemie PVT.LTD.', 100, 'เคมี'),
('CHEM_093', 92, 'มิลลิลิตร(mL)', 80, '75-50-3', 'R', '3', 'ACS reagent', '2023-06-06', 'Merck Thailand', 100, 'เคมี'),
('CHEM_094', 93, 'กรัม(g/gm)', 400, '-', 'B', '6', 'AR/ACS', '2023-11-19', 'Loba chemie PVT.LTD.', 500, 'เคมี'),
('CHEM_095', 94, 'กรัม(g/gm)', 1, '', '', '', '', '', '', 1, 'เคมี'),
('CHEM_097', 96, 'กรัม(g/gm)', 290, '1314-13-2', 'B', '6', 'AR', '2023-11-19', 'Loba chemie PVT.LTD.', 500, 'เคมี'),
('CHEM_96', 95, 'กรัม(g/gm)', 1, '', '', '', '', '', '', 1, 'เคมี');

-- --------------------------------------------------------

--
-- Table structure for table `app_inventory_meta`
--

CREATE TABLE `app_inventory_meta` (
  `inventory_id` int(11) NOT NULL,
  `name` varchar(20) NOT NULL,
  `value` text NOT NULL
) ENGINE=InnoDB DEFAULT CHARSET=utf8 COLLATE=utf8_general_ci;

--
-- Dumping data for table `app_inventory_meta`
--

INSERT INTO `app_inventory_meta` (`inventory_id`, `name`, `value`) VALUES
(5, 'detail', 'Not a hazardous substance'),
(6, 'detail', 'ความเป็นพิษเฉียบพลัน, อันตรายต่อสุขภาพ, ไวไฟ'),
(7, 'detail', 'อันตรายต่อสุขภาพ'),
(8, 'detail', 'เกิดการระคายเคืองต่อดวงตา/ผิวหนัง'),
(9, 'detail', 'สารกัดกร่อน,ไวไฟ'),
(10, 'detail', 'ไวไฟ, ความเป็นพิษเฉียบพลัน'),
(11, 'detail', 'ความเป็นพิษเฉียบพลัน'),
(12, 'detail', 'สารกัดกร่อน, ความเป็นพิษเฉียบพลัน, อันตรายต่อสิ่งแวดล้อม'),
(13, 'detail', 'Not a hazardous substance'),
(16, 'detail', 'เกิดการระคายเคืองต่อดวงตา/ผิวหนัง'),
(17, 'detail', 'ความเป็นพิษเฉียบพลัน'),
(14, 'detail', 'ความเป็นพิษเฉียบพลัน'),
(15, 'detail', 'ความเป็นพิษเฉียบพลัน'),
(18, 'detail', 'สารกัดกร่อน, อันตรายต่อสิ่งแวดล้อม, อันตรายถึงชีวิต'),
(19, 'detail', 'สารอันตราย'),
(20, 'detail', 'สารอันตราย'),
(21, 'detail', 'ความเป็นพิษเฉียบพลัน, สารกัดกร่อน, อันตรายต่อสิ่งแวดล้อม'),
(22, 'detail', 'ไวไฟ, ความเป็นพิษเฉียบพลันง, อันตรายต่อสุขภาพ, อันตรายต่อสิ่งแวดล้อม'),
(23, 'detail', 'อันตรายต่อสุขภาพ, ความเป็นพิษเฉียบพลัน, อันตรายสิ่งแวดล้อม'),
(24, 'detail', 'Not a hazardous substance'),
(25, 'detail', 'ความเป็นพิษเฉียบพลัน'),
(26, 'detail', 'ความเป็นพิษเฉียบพลัน, อันตรายต่อสุขภาพ'),
(27, 'detail', 'ไวไฟ, ความเป็นพิษเฉียบพลัน, สารกัดกร่อน'),
(28, 'detail', 'ไวไฟ, ความเป็นพิษเฉียบพลัน'),
(29, 'detail', 'Not a hazardous substance'),
(30, 'detail', 'ไวไฟ, ความเป็นพิษเฉียบพลัน'),
(31, 'detail', 'ไวไฟ, ความเป็นพิษเฉียบพลัน, อันตรายต่อสุขภาพ'),
(32, 'detail', 'ความเป็นพิษเฉียบพลัน, อันตรายต่อสิ่งแวดล้อม'),
(33, 'detail', 'ออกซิไดซ์, ความเป็นพิษเฉียบพลัน, เกิดการระคายเคืองต่อดวงตา/ผิวหนัง'),
(34, 'detail', 'ความเป็นพิษเฉียบพลัน'),
(35, 'detail', 'สารกัดกร่อน, ความเป็นพิษเฉียบพลัน'),
(36, 'detail', 'ไวไฟ, ความเป็นพิษเฉียบพลัน, อันตรายต่อสุขภาพ, อันตรายต่อสิ่งแวดล้อม'),
(37, 'detail', 'สารกัดกร่อน, ความเป็นพิษเฉียบพลัน'),
(38, 'detail', 'สารกัดกร่อน, ความเป็นพิษเฉียบพลัน'),
(39, 'detail', 'สารกัดกร่อน, ความเป็นพิษเฉียบพลัน'),
(40, 'detail', 'สารกัดกร่อน, อันตรายต่อสิ่งแวดล้อม, อันตรายต่อสุขภาพ, ไวไฟ'),
(41, 'detail', 'สารกัดกร่อน, อันตรายต่อสุขภาพ, อันตรายต่อสิ่งแวดล้อม'),
(42, 'detail', 'อันตรายต่อสุขภาพ, ความเป็นพิษเฉียบพลัน, อันตรายต่อสิ่งแวดล้อม'),
(43, 'detail', 'สารอันตราย'),
(44, 'detail', 'Not a hazardous substance'),
(45, 'detail', 'Not a hazardous substance'),
(46, 'detail', 'Not a hazardous substance'),
(47, 'detail', 'ความเป็นพิษเฉียบพลัน, อันตรายต่อสุขภาพ, อันตรายต่อสิ่งแวดล้อม'),
(48, 'detail', 'อันตรายถึงชีวิต'),
(49, 'detail', 'อันตรายต่อสุขภาพ, อันตรายต่อสิ่งแวดล้อม'),
(50, 'detail', 'Not a hazardous substance'),
(51, 'detail', 'Not a hazardous substance'),
(52, 'detail', 'Not a hazardous substance'),
(53, 'detail', 'Not a hazardous substance'),
(54, 'detail', 'ความเป็นพิษเฉียบพลัน, อันตรายต่อสุขภาพ'),
(55, 'detail', 'ไวไฟ'),
(56, 'detail', 'สารกัดกร่อน, อันตรายต่อชีวิต, อันตรายต่อสุขภาพ'),
(57, 'detail', 'สารกัดกร่อน, อันตรายต่อชีวิต, อันตรายต่อสุขภาพ, อันตรายต่อสิ่งแวดล้อม'),
(58, 'detail', 'ออกซิไดซ์, สารกัดกร่อน'),
(59, 'detail', 'ความเป็นพิษเฉียบพลัน'),
(60, 'detail', 'อันตรายต่อสุขภาพ'),
(61, 'detail', 'ออกซิไดซ์, ความเป็นพิษเฉียบพลัน, อันตรายต่อสุขภาพ'),
(62, 'detail', 'ไวไฟ, อันตรายต่อสุขภาพ, ความเป็นพิษเฉียบพลัน, อันตรายต่อสิ่งแวดล้อม'),
(63, 'detail', 'ไวไฟ, ความเป็นพิษเฉียบพลัน'),
(64, 'detail', 'สารกัดกร่อน, อันตรายต่อสุขภาพ, อันตรายถึงชีวิต'),
(65, 'detail', 'Not a hazardous substance'),
(66, 'detail', 'อันตรายถึงชีวิต'),
(67, 'detail', 'ความเป็นพิษเฉียบพลัน, อันตรายต่อสุขภาพ, อันตรายต่อสิ่งแวดล้อม'),
(68, 'detail', 'สารกัดกร่อน, อันตรายต่อสิ่งแวดล้อม, อันตรายถึงชีวิต, สารออกซิไดส์, อันตรายต่อสุขภาพ'),
(69, 'detail', 'Not a hazardous substance'),
(70, 'detail', 'สารกัดกร่อน, ความเป็นพิษเฉียบพลัน'),
(71, 'detail', 'ความเป็นพิษเฉียบพลัน'),
(72, 'detail', 'Not a hazardous substance'),
(73, 'detail', 'ไวไฟ, อันตรายถึงชีวิต, อันตรายต่อสุขภาพ, สารกัดกร่อน, อันตรายต่อสิ่งแวดล้อม'),
(74, 'detail', 'ความเป็นพิษเฉียบพลัน'),
(75, 'detail', 'ความเป็นพิษเฉียบพลัน'),
(76, 'detail', 'ออกซิไดซ์, สารกัดกร่อน, อันตรายต่อสิ่งแวดล้อม'),
(77, 'detail', 'อันตรายถึงชีวิต, อันตรายต่อสิ่งแวดล้อม, อันตรายต่อสุขภาพ'),
(78, 'detail', 'อันตรายถึงชีวิต, อันตรายต่อสิ่งแวดล้อม'),
(79, 'detail', 'ความเป็นพิษเฉียบพลัน'),
(80, 'detail', 'Not a hazardous substance'),
(81, 'detail', 'ความเป็นพิษเฉียบพลัน'),
(82, 'detail', 'ความเป็นพิษเฉียบพลัน'),
(83, 'detail', 'สารกัดกร่อน'),
(84, 'detail', 'อันตรายต่อชีวิต'),
(85, 'detail', 'ความเป็นพิษเฉียบพลัน'),
(86, 'detail', 'สารกัดกร่อน'),
(87, 'detail', 'สารกัดกร่อน'),
(88, 'detail', 'ความเป็นพิษเฉียบพลัน, อันตรายต่อสุขภาพ, อันตรายต่อสิ่งแวดล้อม'),
(89, 'detail', 'อันตรายต่อสุขภาพ'),
(90, 'detail', 'ไวไฟ, ความเป็นพิษเฉียบพลัน, อันตรายต่อสุขภาพ'),
(91, 'detail', 'สารกัดกร่อน, อันตรายต่อสิ่งแวดล้อม'),
(92, 'detail', 'ไวไฟ, ความเป็นพิษเฉียบพลัน, สารกัดกร่อน'),
(93, 'detail', 'ความเป็นพิษเฉียบพลัน'),
(94, 'detail', 'ความเป็นพิษเฉียบพลัน'),
(95, 'detail', 'สารกัดกร่อน, ความเป็นพิษเฉียบพลัน, อันตรายต่อสิ่งแวดล้อม'),
(96, 'detail', 'อันตรายต่อสิ่งแวดล้อม'),
(98, 'detail', 's'),
(4, 'detail', 'ออกซิไดซ์, สารกัดกร่อน, ความเป็นพิษเฉียบพลัน'),
(1, 'detail', 'อันตรายถึงชีวิต, อันตรายต่อสิ่งแวดล้อม'),
(3, 'detail', 'ความเป็นพิษเฉียบพลัน, สารกัดกร่อน'),
(2, 'detail', 'ไวไฟ, ความเป็นพิษเฉียบพลัน');

-- --------------------------------------------------------

--
-- Table structure for table `app_language`
--

CREATE TABLE `app_language` (
  `id` int(11) NOT NULL,
  `key` text NOT NULL,
  `type` varchar(5) NOT NULL,
  `owner` varchar(20) NOT NULL,
  `js` tinyint(1) NOT NULL,
  `th` text DEFAULT NULL,
  `en` text DEFAULT NULL,
  `la` text CHARACTER SET utf8 COLLATE utf8_unicode_ci DEFAULT NULL
) ENGINE=InnoDB DEFAULT CHARSET=utf8 COLLATE=utf8_general_ci;

--
-- Dumping data for table `app_language`
--

INSERT INTO `app_language` (`id`, `key`, `type`, `owner`, `js`, `th`, `en`, `la`) VALUES
(1, 'ACCEPT_ALL', 'text', 'index', 1, 'ยอมรับทั้งหมด', 'Accept all', 'ຍອມຮັບທັງຫມົດ'),
(2, 'ADD', 'text', 'index', 1, 'เพิ่ม', 'Add', 'ເພີ່ມ​ຂຶ້ນ'),
(3, 'CANCEL', 'text', 'index', 1, 'ยกเลิก', 'Cancel', 'ຍົກເລີກ'),
(4, 'CHANGE_COLOR', 'text', 'index', 1, 'เปลี่ยนสี', 'change color', 'ປ່ຽນສີ'),
(5, 'CHECK', 'text', 'index', 1, 'เลือก', 'check', 'ເລືອກ'),
(6, 'CHECKBOX', 'text', 'index', 1, 'ตัวเลือก', 'Checkbox', 'ກ່ອງກາເຄື່ອງໝາຍ'),
(7, 'COOKIES_SETTINGS', 'text', 'index', 1, 'ตั้งค่าคุกกี้', 'Cookies settings', 'ຕັ້ງຄ່າຄຸກກີ'),
(8, 'DELETE', 'text', 'index', 1, 'ลบ', 'delete', 'ລຶບ'),
(9, 'DISABLE', 'text', 'index', 1, 'ปิดใช้งาน', 'Disable', 'ປິດໃຊ້ການ'),
(10, 'DRAG_AND_DROP_TO_REORDER', 'text', 'index', 1, 'ลากและวางเพื่อจัดลำดับใหม่', 'Drag and drop to reorder', 'ລາກແລ້ວວາງລົງເພື່ອຈັດຮຽງໃໝ່'),
(11, 'ENABLE', 'text', 'index', 1, 'เปิดใช้งาน', 'Enable', 'ເປີດໃຊ້ການ'),
(12, 'GO_TO_PAGE', 'text', 'index', 1, 'ไปหน้าที่', 'go to page', 'ໄປ​ຫນ້າ​ທີ່​'),
(13, 'INVALID_DATA', 'text', 'index', 1, 'ข้อมูล XXX ไม่ถูกต้อง', 'XXX Invalid data', 'ຂໍ້ມູນ XXX ບໍ່ຖືກຕ້ອງ'),
(14, 'ITEM', 'text', 'index', 1, 'รายการ', 'item', 'ລາຍການ'),
(15, 'ITEMS', 'text', 'index', 1, 'รายการ', 'items', 'ລາຍການ'),
(16, 'NEXT_MONTH', 'text', 'index', 1, 'เดือนถัดไป', 'Next Month', 'ເດືອນຕໍ່ໄປ'),
(17, 'PLEASE_BROWSE_FILE', 'text', 'index', 1, 'กรุณาเลือกไฟล์', 'Please browse file', 'ກະລຸນາເລືອກແຟ້ມຂໍ້ມູນ'),
(18, 'PLEASE_FILL_IN', 'text', 'index', 1, 'กรุณากรอก', 'Please fill in', 'ກະລຸນາພີ່ມ'),
(19, 'PLEASE_SAVE_BEFORE_CONTINUING', 'text', 'index', 1, 'กรุณาบันทึก ก่อนดำเนินการต่อ', 'Please save before continuing', 'ກະລຸນາບັນທຶກກ່ອນດຳເນີນການຕໍ່'),
(20, 'PLEASE_SELECT', 'text', 'index', 1, 'กรุณาเลือก', 'Please select', 'ກະລຸນາເລືອກ'),
(21, 'PLEASE_SELECT_AT_LEAST_ONE_ITEM', 'text', 'index', 1, 'กรุณาเลือก XXX อย่างน้อย 1 รายการ', 'Please select XXX at least one item', 'ກະລຸນາເລືອກ XXX ຢ່າງໜ້ອຍໜຶ່ງລາຍການ'),
(22, 'PREV_MONTH', 'text', 'index', 1, 'เดือนก่อนหน้า', 'Prev Month', 'ເດືອນທີ່ຜ່ານມາ'),
(23, 'SELECT_ALL', 'text', 'index', 1, 'เลือกทั้งหมด', 'select all', 'ເລືອກທັງໝົດ'),
(24, 'SELECT_NONE', 'text', 'index', 1, 'ไม่เลือกรายการใดเลย', 'select none', 'ບໍ່ເລືອກລາຍການໃດເລີຍ'),
(25, 'SHOWING_PAGE', 'text', 'index', 1, 'กำลังแสดงหน้าที่', 'showing page', 'ສະແດງໜ້າທີ່'),
(26, 'SORRY_XXX_NOT_FOUND', 'text', 'index', 1, 'ขออภัย ไม่พบ XXX ที่ต้องการ', 'Sorry XXX not found', 'ຂໍອະໄພບໍ່ພົບ XXX ທີ່ຕ້ອງການ'),
(27, 'SUCCESSFULLY_COPIED_TO_CLIPBOARD', 'text', 'index', 1, 'สำเนาไปยังคลิปบอร์ดเรียบร้อย', 'Successfully copied to clipboard', 'ສຳເນົາໄປຍັງຄິບບອດຮຽບຮ້ອຍ'),
(28, 'SUCCESSFULLY_UPLOADED_XXX_FILES', 'text', 'index', 1, 'อัปโหลดเรียบร้อย XXX ไฟล์', 'Successfully uploaded XXX files', 'ອັບໂຫຼດຮຽບຮ້ອຍ XXX ແຟ້ມ'),
(29, 'THE_TYPE_OF_FILE_IS_INVALID', 'text', 'index', 1, 'ชนิดของไฟล์ไม่ถูกต้อง', 'The type of file is invalid', 'ຊະນິດຂອງແຟ້ມບໍ່ຖືກຕ້ອງ'),
(30, 'UNCHECK', 'text', 'index', 1, 'ไม่เลือก', 'uncheck', 'ບໍ່ເລືອກ'),
(31, 'YOU_WANT_TO_XXX', 'text', 'index', 1, 'คุณต้องการ XXX ?', 'You want to XXX ?', 'ທ່ານບໍ່ຕ້ອງການ XXX ?'),
(32, 'YOU_WANT_TO_XXX_THE_SELECTED_ITEMS', 'text', 'index', 1, 'คุณต้องการ XXX รายการที่เลือก ?', 'You want to XXX the selected items ?', 'ທ່ານຕ້ອງການ XXX ລາຍການທີ່ເລືອກ?'),
(33, 'BOOLEANS', 'array', 'index', 0, 'a:2:{i:0;s:27:\"ปิดใช้งาน\";i:1;s:30:\"เปิดใช้งาน\";}', 'a:2:{i:0;s:7:\"Disable\";i:1;s:7:\"Enabled\";}', 'a:2:{i:0;s:27:\"ປິດໃຊ້ວຽກ\";i:1;s:30:\"ເປີດໃຊ້ວຽກ\";}'),
(34, 'BORROW_STATUS', 'array', 'index', 0, 'a:4:{i:0;s:27:\"รอตรวจสอบ\";i:1;s:30:\"ไม่อนุมัติ\";i:2;s:21:\"อนุมัติ\";i:3;s:21:\"คืนแล้ว\";}', 'a:4:{i:0;s:7:\"Pending\";i:1;s:11:\"Not allowed\";i:2;s:7:\"Approve\";i:3;s:8:\"Returned\";}', 'a:4:{i:0;s:15:\"ລໍຖ້າ\";i:1;s:30:\"ບໍ່ອະນຸຍາດ\";i:2;s:21:\"ອະນຸມັດ\";i:3;s:18:\"ກັບຄືນ\";}'),
(35, 'DATE_FORMAT', 'text', 'index', 0, 'd M Y เวลา H:i น.', 'd M Y, H:i', 'd M Y ເວລາ H:i'),
(36, 'DATE_LONG', 'array', 'index', 0, 'a:7:{i:0;s:21:\"อาทิตย์\";i:1;s:18:\"จันทร์\";i:2;s:18:\"อังคาร\";i:3;s:9:\"พุธ\";i:4;s:24:\"พฤหัสบดี\";i:5;s:15:\"ศุกร์\";i:6;s:15:\"เสาร์\";}', 'a:7:{i:0;s:6:\"Sunday\";i:1;s:6:\"Monday\";i:2;s:7:\"Tuesday\";i:3;s:9:\"Wednesday\";i:4;s:8:\"Thursday\";i:5;s:6:\"Friday\";i:6;s:8:\"Saturday\";}', 'a:7:{i:0;s:15:\"ອາທິດ\";i:1;s:9:\"ຈັນ\";i:2;s:18:\"ອັງຄານ\";i:3;s:9:\"ພຸດ\";i:4;s:15:\"ພະຫັດ\";i:5;s:9:\"ສຸກ\";i:6;s:12:\"ເສົາ\";}'),
(37, 'DATE_SHORT', 'array', 'index', 0, 'a:7:{i:0;s:7:\"อา.\";i:1;s:4:\"จ.\";i:2;s:4:\"อ.\";i:3;s:4:\"พ.\";i:4;s:7:\"พฤ.\";i:5;s:4:\"ศ.\";i:6;s:4:\"ส.\";}', 'a:7:{i:0;s:2:\"Su\";i:1;s:2:\"Mo\";i:2;s:2:\"Tu\";i:3;s:2:\"We\";i:4;s:2:\"Th\";i:5;s:2:\"Fr\";i:6;s:2:\"Sa\";}', 'a:7:{i:0;s:4:\"ທ.\";i:1;s:4:\"ຈ.\";i:2;s:4:\"ຄ.\";i:3;s:4:\"ພ.\";i:4;s:4:\"ພ.\";i:5;s:4:\"ສ.\";i:6;s:4:\"ສ.\";}'),
(38, 'Inventory', 'text', 'index', 0, 'คลังสินค้า', 'Inventory', 'ຄັງສິນຄ້າ'),
(39, 'INVENTORY_CATEGORIES', 'array', 'index', 0, 'a:3:{s:11:\"category_id\";s:24:\"หมวดหมู่\";s:7:\"type_id\";s:18:\"ประเภท\";s:8:\"model_id\";s:18:\"ยี่ห้อ\";}', 'a:3:{s:11:\"category_id\";s:8:\"Category\";s:7:\"type_id\";s:4:\"Type\";s:8:\"model_id\";s:5:\"Model\";}', 'a:3:{s:11:\"category_id\";s:24:\"ຫມວດຫມູ່\";s:7:\"type_id\";s:15:\"ປະເພດ\";s:8:\"model_id\";s:18:\"ຍີ່ຫໍ້\";}'),
(40, 'INVENTORY_METAS', 'array', 'index', 0, 'a:1:{s:6:\"detail\";s:30:\"รายละเอียด\";}', 'a:1:{s:6:\"detail\";s:6:\"Detail\";}', 'a:1:{s:6:\"detail\";s:27:\"ລາຍະລະອຽດ\";}'),
(41, 'INVENTORY_STATUS', 'array', 'index', 0, 'a:2:{i:0;s:42:\"เลิกใช้งานแล้ว\";i:1;s:30:\"ใช้งานอยู่\";}', 'a:2:{i:0;s:8:\"Inactive\";i:1;s:6:\"Active\";}', 'a:2:{i:0;s:36:\"ປິດການໃຊ້ວຽກ\";i:1;s:30:\"ຍັງເຮັດວຽກ\";}'),
(42, 'LINE_FOLLOW_MESSAGE', 'text', 'index', 0, 'สวัสดี คุณ :name นี่คือบัญชีทางการของ :title เราจะส่งข่าวสารถึงคุณผ่านช่องทางนี้', 'Hello, :name This is :title official account. We will send you news via this channel.', 'ສະບາຍດີ, :name ນີ້ແມ່ນບັນຊີທາງການຂອງ :title ພວກເຮົາຈະສົ່ງຂ່າວໃຫ້ທ່ານຜ່ານຊ່ອງທາງນີ້.'),
(43, 'LINE_REPLY_MESSAGE', 'text', 'index', 0, 'ขออภัยไม่สามารถตอบกลับข้อความนี้ได้', 'Sorry, can&#039;t reply to this message.', 'ຂໍອະໄພ, ບໍ່ສາມາດຕອບກັບຂໍ້ຄວາມນີ້ໄດ້.'),
(44, 'LOGIN_FIELDS', 'array', 'index', 0, 'a:4:{s:8:\"username\";s:30:\"ชื่อผู้ใช้\";s:5:\"email\";s:15:\"อีเมล\";s:5:\"phone\";s:39:\"เบอร์โทรศัพท์\";s:7:\"id_card\";s:30:\"เลขประชาชน\";}', 'a:4:{s:8:\"username\";s:8:\"Username\";s:5:\"email\";s:5:\"Email\";s:5:\"phone\";s:5:\"Phone\";s:7:\"id_card\";s:18:\"Identification No.\";}', 'a:4:{s:8:\"username\";s:27:\"ຊື່ຜູ້ໃຊ້\";s:5:\"email\";s:15:\"ອີເມວ\";s:5:\"phone\";s:30:\"ເບີໂທລະສັບ\";s:7:\"id_card\";s:39:\"ເລກບັດປະຈຳຕົວ\";}'),
(45, 'MAIL_PROGRAMS', 'array', 'index', 0, 'a:3:{i:0;s:43:\"ส่งจดหมายด้วย PHP\";i:1;s:72:\"ส่งจดหมายด้วย PHPMailer+SMTP (แนะนำ)\";i:2;s:58:\"ส่งจดหมายด้วย PHPMailer+PHP Mail\";}', 'a:3:{i:0;s:13:\"Send with PHP\";i:1;s:38:\"Send with PHPMailer+SMTP (recommended)\";i:2;s:28:\"Send with PHPMailer+PHP Mail\";}', 'a:3:{i:0;s:46:\"ສົ່ງຈົດໝາຍດ້ວຍ PHP\";i:1;s:75:\"ສົ່ງຈົດໝາຍດ້ວຍ PHPMailer+SMTP (ແນະນຳ)\";i:2;s:61:\"ສົ່ງຈົດໝາຍດ້ວຍ PHPMailer+PHP Mail\";}'),
(46, 'MONTH_LONG', 'array', 'index', 0, 'a:12:{i:1;s:18:\"มกราคม\";i:2;s:30:\"กุมภาพันธ์\";i:3;s:18:\"มีนาคม\";i:4;s:18:\"เมษายน\";i:5;s:21:\"พฤษภาคม\";i:6;s:24:\"มิถุนายน\";i:7;s:21:\"กรกฎาคม\";i:8;s:21:\"สิงหาคม\";i:9;s:21:\"กันยายน\";i:10;s:18:\"ตุลาคม\";i:11;s:27:\"พฤศจิกายน\";i:12;s:21:\"ธันวาคม\";}', 'a:12:{i:1;s:7:\"January\";i:2;s:8:\"February\";i:3;s:5:\"March\";i:4;s:5:\"April\";i:5;s:3:\"May\";i:6;s:4:\"June\";i:7;s:4:\"July\";i:8;s:6:\"August\";i:9;s:9:\"September\";i:10;s:7:\"October\";i:11;s:8:\"November\";i:12;s:8:\"December\";}', 'a:12:{i:1;s:18:\"ມັງກອນ\";i:2;s:15:\"ກຸມພາ\";i:3;s:12:\"ມີນາ\";i:4;s:12:\"ເມສາ\";i:5;s:21:\"ພຶດສະພາ\";i:6;s:18:\"ມິຖຸນາ\";i:7;s:21:\"ກໍລະກົດ\";i:8;s:15:\"ສິງຫາ\";i:9;s:15:\"ກັນຍາ\";i:10;s:12:\"ຕຸລາ\";i:11;s:15:\"ພະຈິກ\";i:12;s:15:\"ທັນວາ\";}'),
(47, 'MONTH_SHORT', 'array', 'index', 0, 'a:12:{i:1;s:8:\"ม.ค.\";i:2;s:8:\"ก.พ.\";i:3;s:11:\"มี.ค.\";i:4;s:11:\"เม.ย.\";i:5;s:8:\"พ.ค.\";i:6;s:11:\"มิ.ย.\";i:7;s:8:\"ก.ค.\";i:8;s:8:\"ส.ค.\";i:9;s:8:\"ก.ย.\";i:10;s:8:\"ต.ค.\";i:11;s:8:\"พ.ย.\";i:12;s:8:\"ธ.ค.\";}', 'a:12:{i:1;s:3:\"Jan\";i:2;s:3:\"Feb\";i:3;s:3:\"Mar\";i:4;s:3:\"Apr\";i:5;s:3:\"May\";i:6;s:3:\"Jun\";i:7;s:3:\"Jul\";i:8;s:3:\"Aug\";i:9;s:3:\"Sep\";i:10;s:3:\"Oct\";i:11;s:3:\"Nov\";i:12;s:3:\"Dec\";}', 'a:12:{i:1;s:8:\"ມ.ກ.\";i:2;s:8:\"ກ.ພ.\";i:3;s:11:\"ມີ.ນ.\";i:4;s:11:\"ເມ.ສ.\";i:5;s:8:\"ພ.ພ.\";i:6;s:11:\"ມິ.ນ.\";i:7;s:8:\"ກ.ກ.\";i:8;s:8:\"ສ.ຫ.\";i:9;s:8:\"ກ.ຍ.\";i:10;s:8:\"ຕ.ລ.\";i:11;s:8:\"ພ.ຈ.\";i:12;s:8:\"ທ.ວ.\";}'),
(48, 'Name', 'text', 'index', 0, 'ชื่อ นามสกุล', 'Name Surname', 'ຊື່ ນາມສະກຸນ'),
(49, 'PERMISSIONS', 'array', 'index', 0, 'a:2:{s:10:\"can_config\";s:60:\"สามารถตั้งค่าระบบได้\";s:22:\"can_view_usage_history\";s:93:\"สามารถดูประวัติการใช้งานระบบได้\";}', 'a:2:{s:10:\"can_config\";s:24:\"Can configure the system\";s:22:\"can_view_usage_history\";s:33:\"Able to view system usage history\";}', 'a:2:{s:10:\"can_config\";s:60:\"ສາມາດຕັ້ງຄ່າລະບົບໄດ້\";s:22:\"can_view_usage_history\";s:90:\"ສາມາດເບິ່ງປະຫວັດການນໍາໃຊ້ລະບົບ\";}'),
(50, 'PUBLISHEDS', 'array', 'index', 0, 'a:2:{i:0;s:45:\"ระงับการเผยแพร่\";i:1;s:21:\"เผยแพร่\";}', 'a:2:{i:0;s:11:\"Unpublished\";i:1;s:9:\"Published\";}', 'a:2:{i:0;s:45:\"ລະງັບການເຜີຍແຜ່\";i:1;s:21:\"ເຜີຍແຜ່\";}'),
(51, 'SEXES', 'array', 'index', 0, 'a:3:{s:1:\"u\";s:21:\"ไม่ระบุ\";s:1:\"f\";s:12:\"หญิง\";s:1:\"m\";s:9:\"ชาย\";}', 'a:3:{s:1:\"u\";s:13:\"Not specified\";s:1:\"f\";s:6:\"Female\";s:1:\"m\";s:4:\"Male\";}', 'a:3:{s:1:\"u\";s:30:\"ບໍ່ໄດ້ລະບຸ\";s:1:\"f\";s:9:\"ຍິງ\";s:1:\"m\";s:9:\"ຊາຍ\";}'),
(52, 'SMS_SENDER_COMMENT', 'text', 'index', 0, 'บาง Package อาจไม่สามารถกำหนดชื่อผู้ส่งได้ กรุณาตรวจสอบกับผู้ให้บริการ', 'Some packages may not be able to assign the sender name. Please check with the service provider.', 'ບາງແພັກເກັດອາດບໍ່ສາມາດມອບຊື່ຜູ້ສົ່ງໄດ້. ກະລຸນາກວດສອບກັບຜູ້ໃຫ້ບໍລິການ.'),
(53, 'SMTPSECURIES', 'array', 'index', 0, 'a:2:{s:0:\"\";s:57:\"การเชื่อมต่อแบบปกติ\";s:3:\"ssl\";s:72:\"การเชื่อมต่อที่ปลอดภัย (SSL)\";}', 'a:2:{s:0:\"\";s:10:\"Clear Text\";s:3:\"ssl\";s:38:\"Server using a secure connection (SSL)\";}', 'a:2:{s:0:\"\";s:66:\"ການເຊື່ອມຕໍ່ແບບປົກກະຕິ\";s:3:\"ssl\";s:66:\"ການເຊື່ອມຕໍ່ທີ່ປອດໄຟ (SSL)\";}'),
(54, 'THEME_WIDTH', 'array', 'index', 0, 'a:3:{s:7:\"default\";s:33:\"ค่าเริ่มต้น\";s:4:\"wide\";s:15:\"กว้าง\";s:9:\"fullwidth\";s:30:\"กว้างพิเศษ\";}', 'a:3:{s:7:\"default\";s:7:\"Default\";s:4:\"wide\";s:4:\"Wide\";s:9:\"fullwidth\";s:10:\"Extra wide\";}', 'a:3:{s:7:\"default\";s:36:\"ຄ່າເລີ່ມຕົ້ນ\";s:4:\"wide\";s:15:\"ກວ້າງ\";s:9:\"fullwidth\";s:30:\"ກວ້າງພິເສດ\";}'),
(55, 'TIME_FORMAT', 'text', 'index', 0, 'H:i น.', 'H:i', 'H:i'),
(56, 'YEAR_OFFSET', 'int', 'index', 0, '543', '0', '0'),
(57, ':name for new members Used when members need to specify', 'text', 'index', 0, ':name เริ่มต้นสำหรับสมาชิกใหม่ ใช้ในกรณีที่สมาชิกจำเป็นต้องระบุ', NULL, ':name ສໍາລັບສະມາຊິກໃຫມ່ ໃຊ້ໃນເວລາທີ່ສະມາຊິກຕ້ອງການກໍານົດ'),
(58, '0.0.0.0 mean all IP addresses', 'text', 'index', 0, '0.0.0.0 หมายถึงอนุญาตทั้งหมด', NULL, '0.0.0.0 ຫມາຍຄວາມວ່າອະນຸຍາດໃຫ້ທັງຫມົດ'),
(59, 'Accept all', 'text', 'index', 0, 'ยอมรับทั้งหมด', NULL, 'ຍອມຮັບທັງຫມົດ'),
(60, 'Accept member verification request', 'text', 'index', 0, 'ยอมรับคำขอยืนยันสมาชิก', NULL, 'ຍອມຮັບການຮ້ອງຂໍການຢັ້ງຢືນສະມາຊິກ'),
(61, 'Accept this agreement', 'text', 'index', 0, 'ยอมรับข้อตกลง', NULL, 'ຍອມຮັບຂໍ້ຕົກລົງ'),
(62, 'Add', 'text', 'index', 0, 'เพิ่ม', NULL, 'ເພີ່ມ'),
(63, 'Add Borrow', 'text', 'index', 0, 'ทำรายการยืม', NULL, 'ເຮັດລາຍະການຍືມ'),
(64, 'Add friend', 'text', 'index', 0, 'เพิ่มเพื่อน', NULL, 'ເພີ່ມເພື່ອນ'),
(65, 'Address', 'text', 'index', 0, 'ที่อยู่', NULL, 'ທີ່ຢູ່'),
(66, 'Address details', 'text', 'index', 0, 'รายละเอียดที่อยู่', NULL, 'ລາຍລະອຽດທີ່ຢູ່'),
(67, 'Administrator status It is of utmost importance to do everything', 'text', 'index', 0, 'สถานะผู้ดูแลระบบ มีความสำคัญสูงสุดสามารถทำได้ทุกอย่าง', NULL, 'ສະຖານະຜູ້ເບິ່ງແຍງລະບົບມີຄວາມສຳຄັນສຸງທີ່ສຸດສາມາດເຮັດໄດ້ທຸກຢ່າງ'),
(68, 'age', 'text', 'index', 0, 'อายุ', NULL, 'ອາຍຸ'),
(69, 'All :count entries, displayed :start to :end, page :page of :total pages', 'text', 'index', 0, 'ทั้งหมด :count รายการ, แสดง :start ถึง :end, หน้าที่ :page จากทั้งหมด :total หน้า', NULL, 'ທັງໝົດ :count ລາຍການ, ສະແດງ :start ເຖິງ :end, ໜ້າທີ່ :page ຈາກທັງໝົດ:total ໜ້າ'),
(70, 'all items', 'text', 'index', 0, 'ทั้งหมด', NULL, 'ທັງໝົດ'),
(71, 'Already registered The system has sent an OTP code to the number you registered. Please check the SMS and enter the code to confirm your phone number.', 'text', 'index', 0, 'ลงทะเบียนเรียบร้อยแล้ว ระบบได้ส่งรหัส OTP ไปยังเบอร์ที่ท่านได้ลงทะเบียนไว้ กรุณาตรวจสอบ SMS แล้วให้นำรหัสมากรอกเพื่อเป็นการยืนยันเบอร์โทรศัพท์', NULL, 'ລົງ​ທະ​ບຽນ​ແລ້ວ ລະບົບໄດ້ສົ່ງລະຫັດ OTP ໄປຫາເບີໂທລະສັບທີ່ທ່ານລົງທະບຽນ, ກະລຸນາກວດເບິ່ງ SMS ແລະໃສ່ລະຫັດເພື່ອຢືນຢັນເບີໂທລະສັບຂອງທ່ານ.'),
(72, 'Always enabled', 'text', 'index', 0, 'เปิดใช้งานตลอดเวลา', NULL, 'ເປີດສະເໝີ'),
(73, 'anyone', 'text', 'index', 0, 'ใครก็ได้', NULL, 'ໃຜ'),
(74, 'API settings', 'text', 'index', 0, 'ตั้งค่า API', NULL, 'ຕັ້ງຄ່າ API'),
(75, 'Appointment date', 'text', 'index', 0, 'วันนัดรับ', NULL, 'ວັນນັດຫມາຍ'),
(76, 'Appraiser', 'text', 'index', 0, 'ประเมินราคา', NULL, 'ຕີລາຄາ'),
(77, 'Authentication require', 'text', 'index', 0, 'การตรวจสอบความถูกต้อง', NULL, 'ການກວດກາຄວາມຖືກຕ້ອງ'),
(78, 'Avatar', 'text', 'index', 0, 'รูปสมาชิก', NULL, 'ຮູບແທນຕົວ'),
(79, 'Background color', 'text', 'index', 0, 'สีพื้นหลัง', NULL, 'ສີພື້ນຫລັງ'),
(80, 'Background image', 'text', 'index', 0, 'รูปภาพพื้นหลัง', NULL, 'ພາບພື້ນຫລັງ'),
(81, 'Begin date', 'text', 'index', 0, 'วันที่เริ่มต้น', NULL, 'ວັນເລີ່ມຕົ້ນ'),
(82, 'Begin time', 'text', 'index', 0, 'เวลาเริ่มต้น', NULL, 'ເລີ່ມເວລາ'),
(83, 'Borrow', 'text', 'index', 0, 'ยืม', NULL, 'ຍືມ'),
(84, 'Borrowed date', 'text', 'index', 0, 'วันที่ยืม', NULL, 'ວັນທີ່ຍືມ'),
(85, 'Borrower', 'text', 'index', 0, 'ผู้ยืม', NULL, 'ຜູ້ຢືມ'),
(86, 'Browse file', 'text', 'index', 0, 'เลือกไฟล์', NULL, 'ເລືອກໄຟລ໌'),
(87, 'Browse image uploaded, type :type', 'text', 'index', 0, 'เลือกรูปภาพอัปโหลด ชนิด :type', NULL, 'ເລືອກຮູບພາບອັບໂຫຼດຊະນິດ :type'),
(88, 'Can be approve', 'text', 'index', 0, 'สามารถอนุมัติได้', NULL, 'ສາມາດອະນຸມັດ'),
(89, 'Can login', 'text', 'index', 0, 'สามารถเข้าระบบได้', NULL, 'ສາມາດເຂົ້າສູ່ລະບົບ'),
(90, 'Can manage borrow', 'text', 'index', 0, 'สามารถจัดการการยืม', NULL, 'ສາມາດຈັດການການຍືມ'),
(91, 'Can manage the', 'text', 'index', 0, 'สามารถจัดการ', NULL, 'ສາມາດຈັດການ'),
(92, 'Can manage the inventory', 'text', 'index', 0, 'สามารถจัดการคลังสินค้าได้', NULL, 'ສາມາດຈັດການຄັງສິນຄ້າໄດ້'),
(93, 'Can not be performed this request. Because they do not find the information you need or you are not allowed', 'text', 'index', 0, 'ไม่สามารถดำเนินการตามที่ร้องขอได้ เนื่องจากไม่พบข้อมูลที่ต้องการ หรือ คุณไม่มีสิทธิ์', NULL, 'ບໍ່ສາມາດດຳເນີນການຕາມທີ່ຮ້ອງຂໍໄດ້ເນື່ອງຈາກບໍ່ພົບຂໍ້ມູນທີ່ຕ້ອງການ ຫຼື ທ່ານບໍ່ມີສິດ'),
(94, 'Can&#039;t login', 'text', 'index', 0, 'ไม่สามารถเข้าระบบได้', NULL, 'ບໍ່ສາມາດເຂົ້າສູ່ລະບົບໄດ້'),
(95, 'Cancel', 'text', 'index', 0, 'ยกเลิก', NULL, 'ຍົກເລີກ'),
(96, 'Canceled successfully', 'text', 'index', 0, 'ยกเลิกเรียบร้อย', NULL, 'ຍົກເລີກສົບຜົນສໍາເລັດ'),
(97, 'Cannot use :name', 'text', 'index', 0, 'ไม่สามารถใช้ :name ได้', NULL, 'ບໍ່ສາມາດໃຊ້ :name'),
(98, 'Category', 'text', 'index', 0, 'หมวดหมู่', NULL, 'ຫມວດຫມູ່'),
(99, 'Change language', 'text', 'index', 0, 'สลับภาษา', NULL, 'ປ່ຽນພາສາ'),
(100, 'Click to edit', 'text', 'index', 0, 'คลิกเพื่อแก้ไข', NULL, 'ກົດເພື່ອແກ້ໄຂ'),
(101, 'Comment', 'text', 'index', 0, 'หมายเหตุ', NULL, 'ຫມາຍ​ເຫດ​'),
(102, 'Confirm password', 'text', 'index', 0, 'ยืนยันรหัสผ่าน', NULL, 'ຢືນຢັນລະຫັດຜ່ານ'),
(103, 'Congratulations, your email address has been verified. please login', 'text', 'index', 0, 'ยินดีด้วย ที่อยู่อีเมลของคุณได้รับการยืนยันเรียบร้อยแล้ว กรุณาเข้าสู่ระบบ', NULL, 'ຂໍສະແດງຄວາມຍິນດີ, ທີ່ຢູ່ອີເມວຂອງທ່ານໄດ້ຮັບການຢັ້ງຢືນແລ້ວ. ກະລຸນາເຂົ້າສູ່ລະບົບ'),
(104, 'Contact name', 'text', 'index', 0, 'ชื่อผู้จอง', NULL, 'ຕົວແທນການຈອງ'),
(105, 'Cookie Policy', 'text', 'index', 0, 'นโยบายคุกกี้', NULL, 'ນະໂຍບາຍຄຸກກີ'),
(106, 'COOKIE_NECESSARY_DETAILS', 'text', 'index', 0, 'คุกกี้พื้นฐาน จำเป็นต่อการใช้งานเว็บไซต์ ใช้เพื่อการรักษาความปลอดภัยและให้เว็บไซต์สามารถทำงานได้อย่างถูกต้อง', NULL, 'ຄຸກກີພື້ນຖານ ມີຄວາມຈໍາເປັນໃນການນໍາໃຊ້ເວັບໄຊທ໌ ມັນຖືກນໍາໃຊ້ເພື່ອຈຸດປະສົງຄວາມປອດໄພແລະເພື່ອໃຫ້ເວັບໄຊທ໌ເຮັດວຽກຢ່າງຖືກຕ້ອງ.'),
(107, 'COOKIE_POLICY_DETAILS', 'text', 'index', 0, 'เราใช้คุกกี้ (Cookies) หรือเทคโนโลยีที่คล้ายคลึงกันเท่าที่จำเป็น เพื่อใช้ในการเข้าถึงสินค้าหรือบริการ และติดตามการใช้งานของคุณเท่านั้น หากคุณไม่ต้องการให้มีคุกกี้ไว้ในคอมพิวเตอร์ของคุณ คุณสามารถตั้งค่าบราวเซอร์เพื่อปฏิเสธการจัดเก็บคุกกี้ก่อนที่จะใช้งานเว็บไซต์ หรือใช้โหมดไม่ระบุตัวตนเพื่อเข้าใช้งานเว็บไซต์ก็ได้', NULL, 'ພວກເຮົາໃຊ້ຄຸກກີ (Cookies) ຫຼືເຕັກໂນໂລຢີທີ່ຄ້າຍຄືກັນໃນຂອບເຂດທີ່ຈໍາເປັນ. ສໍາລັບການນໍາໃຊ້ໃນການເຂົ້າເຖິງສິນຄ້າຫຼືການບໍລິການ ແລະພຽງແຕ່ຕິດຕາມການນໍາໃຊ້ຂອງທ່ານ ຖ້າ​ຫາກ​ວ່າ​ທ່ານ​ບໍ່​ຕ້ອງ​ການ cookies ໃນ​ຄອມ​ພິວ​ເຕີ​ຂອງ​ທ່ານ​ ທ່ານສາມາດຕັ້ງຕົວທ່ອງເວັບຂອງທ່ານເພື່ອປະຕິເສດການເກັບຮັກສາ cookies. ກ່ອນທີ່ຈະນໍາໃຊ້ເວັບໄຊທ໌ ທ່ານຍັງສາມາດໃຊ້ໂໝດບໍ່ເປີດເຜີຍຕົວຕົນເພື່ອເຂົ້າຫາເວັບໄຊທ໌ໄດ້.'),
(108, 'Cost', 'text', 'index', 0, 'ค่าใช้จ่าย', NULL, 'ຄ່າໃຊ້ຈ່າຍ'),
(109, 'Country', 'text', 'index', 0, 'ประเทศ', NULL, 'ປະເທດ'),
(110, 'Create', 'text', 'index', 0, 'สร้าง', NULL, 'ສ້າງ'),
(111, 'Create new account', 'text', 'index', 0, 'สร้างบัญชีใหม่', NULL, 'ສ້າງບັນຊີໃໝ່'),
(112, 'Created', 'text', 'index', 0, 'สร้างเมื่อ', NULL, 'ສ້າງເມື່ອ'),
(113, 'Customer', 'text', 'index', 0, 'ลูกค้า', NULL, 'ລູກຄ້າ'),
(114, 'Customer Name', 'text', 'index', 0, 'ชื่อลูกค้า', NULL, 'ຊື່ລູກຄ້າ'),
(115, 'Dark mode', 'text', 'index', 0, 'โหมดมืด', NULL, 'ໂໝດມືດ'),
(116, 'Data controller', 'text', 'index', 0, 'ผู้ควบคุม/ใช้ ข้อมูล', NULL, 'ຜູ້​ຄວບ​ຄຸມຂໍ້ມູນ'),
(117, 'Date', 'text', 'index', 0, 'วันที่', NULL, 'ວັນທີ'),
(118, 'Date of return', 'text', 'index', 0, 'กำหนดคืน', NULL, 'ຕັ້ງຄືນ'),
(119, 'days', 'text', 'index', 0, 'วัน', NULL, 'ມື້'),
(120, 'Delete', 'text', 'index', 0, 'ลบ', NULL, 'ລືບ'),
(121, 'Delivery', 'text', 'index', 0, 'ส่งมอบ', NULL, 'ສົ່ງມອບ'),
(122, 'Demo Mode', 'text', 'index', 0, 'โหมดตัวอย่าง', NULL, 'ຕົວຢ່າງ'),
(123, 'Department', 'text', 'index', 0, 'แผนก', NULL, 'ຜະແນກ'),
(124, 'Description', 'text', 'index', 0, 'คำอธิบาย', NULL, 'ຄຳອະທິບາຍ'),
(125, 'Detail', 'text', 'index', 0, 'รายละเอียด', NULL, 'ລາຍະລະອຽດ'),
(126, 'Details of', 'text', 'index', 0, 'รายละเอียดของ', NULL, 'ລາຍລະອຽດຂອງ'),
(127, 'Didn&#039;t receive code?', 'text', 'index', 0, 'ไม่ได้รับโค้ด?', NULL, 'ບໍ່ໄດ້ຮັບລະຫັດບໍ?'),
(128, 'Do not want', 'text', 'index', 0, 'ไม่ต้องการ', NULL, 'ບໍ່ຕ້ອງການ'),
(129, 'Drag and drop to reorder', 'text', 'index', 0, 'ลากและวางเพื่อจัดลำดับใหม่', NULL, 'ລາກແລ້ວວາງລົງເພື່ອຈັດຮຽງໃໝ່'),
(130, 'Edit', 'text', 'index', 0, 'แก้ไข', NULL, 'ແກ້ໄຂ'),
(131, 'Editing your account', 'text', 'index', 0, 'แก้ไขข้อมูลส่วนตัว', NULL, 'ແກ້ໄຂຂໍ້ມູນສ່ວນຕົວສະມາຊິກ'),
(132, 'Email', 'text', 'index', 0, 'อีเมล', NULL, 'ອີເມວ'),
(133, 'Email address used for login or request a new password', 'text', 'index', 0, 'ที่อยู่อีเมล ใช้สำหรับการเข้าระบบหรือการขอรหัสผ่านใหม่', NULL, 'ທີ່ຢູ່ອີເມວໃຊ້ສຳລັບການເຂົ້າລະບົບຫຼືການຂໍລະຫັດໃໝ່'),
(134, 'Email address verification', 'text', 'index', 0, 'ยืนยันที่อยู่อีเมล', NULL, 'ຢືນຢັນທີ່ຢູ່ອີເມວ'),
(135, 'Email addresses for sender and do not reply such as no-reply@domain.tld', 'text', 'index', 0, 'ทีอยู่อีเมลใช้เป็นผู้ส่งจดหมาย สำหรับจดหมายที่ไม่ต้องการตอบกลับ เช่น no-reply@domain.tld', NULL, 'ທີ່ຢູ່ອີເມວໃຊ້ເປັນຜູ້ສົ່ງຈົດໝາຍ ສຳລັບຈົດໝາຍທີ່ບໍ່ຕ້ອງການຕອບກັບເຊັ່ນ no-reply@domain.tld'),
(136, 'Email encoding', 'text', 'index', 0, 'รหัสภาษาของจดหมาย', NULL, 'ລະຫັດພາສາຂອງຈົດໝາຍ'),
(137, 'Email settings', 'text', 'index', 0, 'ตั้งค่าอีเมล', NULL, 'ຕັ້ງຄ່າອີເມວ'),
(138, 'Email the relevant person', 'text', 'index', 0, 'ส่งอีเมลแจ้งผู้ที่เกี่ยวข้องด้วย', NULL, 'ສົ່ງອີເມວຫາບຸກຄົນທີ່ກ່ຽວຂ້ອງ.'),
(139, 'Email was not verified', 'text', 'index', 0, 'ยังไม่ได้ยืนยันอีเมล', NULL, 'ອີເມວບໍ່ໄດ້ຖືກຢືນຢັນ'),
(140, 'Enable SSL encryption for sending email', 'text', 'index', 0, 'เปิดใช้งานการเข้ารหัส SSL สำหรับการส่งอีเมล', NULL, 'ເປີດໃຊ້ການເຂົ້າລະຫັດ SSL ສຳລັບການສົ່ງອີເມວ'),
(141, 'End date', 'text', 'index', 0, 'วันที่สิ้นสุด', NULL, 'ວັນສິ້ນສຸດ'),
(142, 'End date must be greater than begin date', 'text', 'index', 0, 'วันที่สิ้นสุดต้องมากกว่าวันที่เริ่มต้น', NULL, 'ວັນສິ້ນສຸດຕ້ອງຫຼາຍກວ່າວັນທີເລີ່ມຕົ້ນ.'),
(143, 'End time', 'text', 'index', 0, 'เวลาสิ้นสุด', NULL, 'ເວລາສິ້ນສຸດ'),
(144, 'English lowercase letters and numbers, not less than 6 digits', 'text', 'index', 0, 'ภาษาอังกฤษตัวพิมพ์เล็กและตัวเลข ไม่น้อยกว่า 6 หลัก', NULL, 'ໂຕພິມນ້ອຍພາສາອັງກິດ ແລະຕົວເລກ, ບໍ່ຕໍ່າກວ່າ 6 ຕົວເລກ'),
(145, 'Enter the 4-digit verification code that was sent to your phone number.', 'text', 'index', 0, 'ป้อนรหัสยืนยัน 4 หลักที่ส่งไปยังหมายเลขโทรศัพท์ของคุณ', NULL, 'ໃສ່ລະຫັດຢືນຢັນ 4 ຕົວເລກທີ່ສົ່ງໄປຫາເບີໂທລະສັບຂອງທ່ານ.'),
(146, 'Enter the domain name you want to allow or enter * for all domains. or leave it blank if you want to use it on this domain only', 'text', 'index', 0, 'กรอกชื่อโดเมนที่ต้องการอนุญาต หรือกรอก * สำหรับทุกโดเมน หรือเว้นว่างไว้ถ้าต้องการให้ใช้งานได้บนโดเมนนี้เท่านั้น', NULL, 'ໃສ່ຊື່ໂດເມນທີ່ທ່ານຕ້ອງການທີ່ຈະອະນຸຍາດໃຫ້ຫຼືໃສ່ * ສໍາລັບໂດເມນທັງຫມົດ. ຫຼືປ່ອຍໃຫ້ມັນຫວ່າງຖ້າທ່ານຕ້ອງການໃຊ້ມັນຢູ່ໃນໂດເມນນີ້ເທົ່ານັ້ນ'),
(147, 'Enter the email address registered. A new password will be sent to this email address.', 'text', 'index', 0, 'กรอกที่อยู่อีเมลที่ลงทะเบียนไว้ ระบบจะส่งรหัสผ่านใหม่ไปยังที่อยู่อีเมลนี้', NULL, 'ເພີ່ມທີ່ຢູ່ອີເມວທີ່ລົງທະບຽນໄວ້ ລະບົບຈະສົ່ງລະຫັດຜ່ານໃໝ່ໄປຍັງທີ່ຢູ່ອີເມວນີ້'),
(148, 'Enter the LINE user ID you received when adding friends. Or type userId sent to the official account to request a new user ID. This information is used for receiving private messages from the system via LINE.', 'text', 'index', 0, 'กรอก user ID ของไลน์ที่ได้ตอนเพิ่มเพื่อน หรือพิมพ์คำว่า userId ส่งไปยังบัญชีทางการเพื่อขอ user ID ใหม่ ข้อมูลนี้ใช้สำหรับการรับข้อความส่วนตัวที่มาจากระบบผ่านไลน์', NULL, 'ໃສ່ user ID ຂອງ LINE ທີ່ທ່ານໄດ້ຮັບໃນເວລາເພີ່ມເພື່ອນ. ຫຼືພິມ userId ທີ່ຖືກສົ່ງໄປຫາບັນຊີທາງການເພື່ອຮ້ອງຂໍ user ID ໃຫມ່. ຂໍ້ມູນນີ້ແມ່ນໃຊ້ສໍາລັບການຮັບຂໍ້ຄວາມສ່ວນຕົວຈາກລະບົບຜ່ານ LINE.'),
(149, 'Enter your password again', 'text', 'index', 0, 'กรอกรหัสผ่านของคุณอีกครั้ง', NULL, 'ໃສ່ລະຫັດຜ່ານຂອງທ່ານອີກຄັ້ງ'),
(150, 'Enter your registered username. A new password will be sent to this username.', 'text', 'index', 0, 'กรอกชื่อผู้ใช้ที่ลงทะเบียนไว้ ระบบจะส่งรหัสผ่านใหม่ไปยังชื่อผู้ใช้นี้', NULL, 'ໃສ່ຊື່ຜູ້ໃຊ້ທີ່ລົງທະບຽນຂອງທ່ານ. ລະຫັດຜ່ານໃໝ່ຈະຖືກສົ່ງໄປຫາຊື່ຜູ້ໃຊ້ນີ້'),
(151, 'entries', 'text', 'index', 0, 'รายการ', NULL, 'ລາຍການ'),
(152, 'Equipment', 'text', 'index', 0, 'พัสดุ', NULL, 'ພັສດຸ'),
(153, 'Expiration date', 'text', 'index', 0, 'วันหมดอายุ', NULL, 'ວັນໝົດອາຍຸ'),
(154, 'Fax', 'text', 'index', 0, 'โทรสาร', NULL, 'ແຟັກ'),
(155, 'File', 'text', 'index', 0, 'ไฟล์', NULL, 'ແຟ້ມ'),
(156, 'Fill some of the :name to find', 'text', 'index', 0, 'กรอกบางส่วนของ :name เพื่อค้นหา', NULL, 'ຕື່ມຂໍ້ມູນໃສ່ບາງສ່ວນຂອງ :name ເພື່ອຄົ້ນຫາ'),
(157, 'Find equipment by', 'text', 'index', 0, 'ค้นหาพัสดุโดย', NULL, 'ຄົ້ນຫາພັສດຸຈາກ'),
(158, 'Footer', 'text', 'index', 0, 'ส่วนท้าย', NULL, 'ສ່ວນທ້າຍ'),
(159, 'for login by LINE account', 'text', 'index', 0, 'สำหรับการเข้าระบบโดยบัญชีไลน์', NULL, 'ສໍາລັບການເຂົ້າສູ່ລະບົບດ້ວຍບັນຊີ LINE'),
(160, 'Forgot', 'text', 'index', 0, 'ลืมรหัสผ่าน', NULL, 'ລືມລະຫັດຜ່ານ'),
(161, 'from', 'text', 'index', 0, 'จาก', NULL, 'ຈາກ'),
(162, 'General', 'text', 'index', 0, 'ทั่วไป', NULL, 'ທົ່ວໄປ'),
(163, 'General site settings', 'text', 'index', 0, 'ตั้งค่าพื้นฐานของเว็บไซต์', NULL, 'ຕັ້ງຄ່າພື້ນຖານຂອງເວັບໄຊ'),
(164, 'Get new password', 'text', 'index', 0, 'ขอรหัสผ่าน', NULL, 'ຂໍລະຫັດຜ່ານ'),
(165, 'go to page', 'text', 'index', 0, 'ไปหน้าที่', NULL, 'ໄປທີ່ໜ້າ'),
(166, 'Header', 'text', 'index', 0, 'ส่วนหัว', NULL, 'ສ່ວນຫົວ'),
(167, 'Home', 'text', 'index', 0, 'หน้าหลัก', NULL, 'ໜ້າຫຼັກ'),
(168, 'How to define user authentication for mail servers. If you enable it, you must configure below correctly.', 'text', 'index', 0, 'กำหนดวิธีการตรวจสอบผู้ใช้สำหรับเมล์เซิร์ฟเวอร์ หากคุณเปิดใช้งานคุณต้องกำหนดค่าต่างๆด้านล่างถูกต้อง', NULL, 'ກຳນົດວິທີການກວດສອບຜູ້ໃຊ້ສຳລັບເມນເຊິບເວີຫາກທ່ານເປີດໃຊ້ການທ່ານຕ້ອງກຳນົດຄ່າຕ່າງໆດ້ານລຸ່ມຖືກຕ້ອງ'),
(169, 'Identification No.', 'text', 'index', 0, 'เลขประชาชน', NULL, 'ເລກບັດປະຈຳຕົວ'),
(170, 'Image', 'text', 'index', 0, 'รูปภาพ', NULL, 'ຮູບພາບ'),
(171, 'Image size is in pixels', 'text', 'index', 0, 'ขนาดของรูปภาพเป็นพิกเซล', NULL, 'ຂະໜາດຂອງຮູບພາບເປັນພິກເຊວ'),
(172, 'Import', 'text', 'index', 0, 'นำเข้า', NULL, 'ນຳເຂົ້າ'),
(173, 'Installed modules', 'text', 'index', 0, 'โมดูลที่ติดตั้งแล้ว', NULL, 'ໂມດູນທີ່ຕິດຕັ້ງ'),
(174, 'Invalid :name', 'text', 'index', 0, ':name ไม่ถูกต้อง', NULL, ':name ບໍ່ຖືກຕ້ອງ'),
(175, 'Job today', 'text', 'index', 0, 'งานซ่อมวันนี้', NULL, 'ວຽກຊ່ອມວັນນີ້'),
(176, 'Key', 'text', 'index', 0, 'คีย์', NULL, 'ແປ້ນພີມ'),
(177, 'Language', 'text', 'index', 0, 'ภาษา', NULL, 'ພາສາ'),
(178, 'Leave empty for generate auto', 'text', 'index', 0, 'เว้นว่างไว้เพื่อสร้างโดยอัตโนมัติ', NULL, 'ປ່ອຍຫວ່າງໄວ້ເພື່ອສ້າງອັດໂນມັດ'),
(179, 'LINE official account (with @ prefix, e.g. @xxxx)', 'text', 'index', 0, 'บัญชีทางการของไลน์ (มี @ นำหน้า เช่น @xxxx)', NULL, 'ບັນຊີທາງການຂອງ LINE (ມີ @ ຄໍານໍາຫນ້າ, ເຊັ່ນ: @xxxx)'),
(180, 'LINE settings', 'text', 'index', 0, 'ตั้งค่าไลน์', NULL, 'ຕັ້ງ​ຄ່າ LINE'),
(181, 'List of', 'text', 'index', 0, 'รายการ', NULL, 'ລາຍການ'),
(182, 'List of IPs that allow connection 1 line per 1 IP', 'text', 'index', 0, 'รายการไอพีแอดเดรสทั้งหมดที่อนุญาต 1 บรรทัดต่อ 1 ไอพี', NULL, 'ລາຍຊື່ IP ທີ່ອະນຸຍາດໃຫ້ເຊື່ອມຕໍ່ 1 ເສັ້ນຕໍ່ 1 IP'),
(183, 'Local time', 'text', 'index', 0, 'เวลาท้องถิ่น', NULL, 'ເວລາທ້ອງຖິ່ນ'),
(184, 'Login', 'text', 'index', 0, 'เข้าสู่ระบบ', NULL, 'ເຂົ້າສູ່ລະບົບ'),
(185, 'Login as', 'text', 'index', 0, 'เข้าระบบเป็น', NULL, 'ເຂົ້າ​ສູ່​ລະ​ບົບ​ເປັນ'),
(186, 'Login by', 'text', 'index', 0, 'เข้าระบบโดย', NULL, 'ເຂົ້າສູ່ລະບົບໂດຍ'),
(187, 'Login information', 'text', 'index', 0, 'ข้อมูลการเข้าระบบ', NULL, 'ຂໍ້ມູນການເຂົ້າລະບົບ'),
(188, 'Login page', 'text', 'index', 0, 'หน้าเข้าสู่ระบบ', NULL, 'ໜ້າເຂົ້າສູ່ລະບົບ'),
(189, 'Login with an existing account', 'text', 'index', 0, 'เข้าระบบด้วยบัญชีสมาชิกที่มีอยู่แล้ว', NULL, 'ເຂົ້າລະບົບດ້ວຍບັນຊີສະມາຊິກທີ່ມີຢູ່ແລ້ວ'),
(190, 'Logo', 'text', 'index', 0, 'โลโก', NULL, 'ໂລໂກ'),
(191, 'Logout', 'text', 'index', 0, 'ออกจากระบบ', NULL, 'ອອກຈາກລະບົບ'),
(192, 'Logout successful', 'text', 'index', 0, 'ออกจากระบบเรียบร้อย', NULL, 'ອອກຈາກລະບົບຮຽບຮ້ອຍ'),
(193, 'Mail program', 'text', 'index', 0, 'โปรแกรมส่งอีเมล', NULL, 'ໂປຮແກຮມສົ່ງອີເມວ'),
(194, 'Mail server', 'text', 'index', 0, 'เซิร์ฟเวอร์อีเมล', NULL, 'ເຊີບເວີອີເມວ'),
(195, 'Mail server port number (default is 25, for GMail used 465, 587 for DirectAdmin).', 'text', 'index', 0, 'หมายเลขพอร์ตของเมล์เซิร์ฟเวอร์ (ค่าปกติคือ 25, สำหรับ gmail ใช้ 465, 587 สำหรับ DirectAdmin)', NULL, 'ໝາຍເລກພອດຂອງເມວເຊີບເວີ(ຄ່າປົກກະຕິຄື 25, ສຳລັບ gmail ໃຊ້ 465, 587 ສຳລັບ DirectAdmin)'),
(196, 'Mail server settings', 'text', 'index', 0, 'ค่ากำหนดของเมล์เซิร์ฟเวอร์', NULL, 'ຄ່າກຳນົດຂອງເມວເຊີບເວີ'),
(197, 'Manage languages', 'text', 'index', 0, 'จัดการภาษา', NULL, 'ຈັດການພາສາ'),
(198, 'Member list', 'text', 'index', 0, 'รายชื่อสมาชิก', NULL, 'ລາຍຊື່ສະມາຊິກ'),
(199, 'Member status', 'text', 'index', 0, 'สถานะสมาชิก', NULL, 'ສະຖານະສະມາຊິກ'),
(200, 'Membership has not been confirmed yet.', 'text', 'index', 0, 'ยังไม่ได้ยืนยันสมาชิก', NULL, 'ສະມາຊິກຍັງບໍ່ທັນໄດ້ຮັບການຢືນຢັນ'),
(201, 'Message', 'text', 'index', 0, 'ข้อความ', NULL, 'ຂໍ້ຄວາມ'),
(202, 'Message displayed on login page', 'text', 'index', 0, 'ข้อความแสดงในหน้าเข้าสู่ระบบ', NULL, 'ຂໍ້ຄວາມສະແດງຢູ່ໃນຫນ້າເຂົ້າສູ່ລະບົບ'),
(203, 'Mobile Phone Verification', 'text', 'index', 0, 'ยืนยันหมายเลขโทรศัพท์', NULL, 'ຢືນຢັນເບີໂທລະສັບ'),
(204, 'Model', 'text', 'index', 0, 'ยี่ห้อ', NULL, 'ຍີ່ຫໍ້'),
(205, 'Module', 'text', 'index', 0, 'โมดูล', NULL, 'ໂມດູນ'),
(206, 'Module settings', 'text', 'index', 0, 'ตั้งค่าโมดูล', NULL, 'ຕັ້ງຄ່າໂມດູນ'),
(207, 'month', 'text', 'index', 0, 'เดือน', NULL, 'ເດືອນ'),
(208, 'My Borrow', 'text', 'index', 0, 'รายการยืมของฉัน', NULL, 'ລາຍະການຍືມຂອງຂ້ອຍ'),
(209, 'Necessary cookies', 'text', 'index', 0, 'คุกกี้พื้นฐานที่จำเป็น', NULL, 'ຄຸກກີພື້ນຖານທີ່ຈໍາເປັນ'),
(210, 'New members', 'text', 'index', 0, 'สมาชิกใหม่', NULL, 'ສະມາຊິກໃໝ່'),
(211, 'no larger than :size', 'text', 'index', 0, 'ขนาดไม่เกิน :size', NULL, 'ຂະໜາດບໍ່ເກີນ :size'),
(212, 'No need to fill in English text. If the English text matches the Key', 'text', 'index', 0, 'ไม่จำเป็นต้องกรอกข้อความในภาษาอังกฤษ หากข้อความในภาษาอังกฤษตรงกับคีย์', NULL, 'ບໍ່ຈຳເປັນເພີ່ມຂໍ້ຄວາມໃນພາສາອັງກິດຫາກຂໍ້ຄວາມໃນພາສານອັງກົງກັບແປ້ນພີມ'),
(213, 'not a registered user', 'text', 'index', 0, 'ไม่พบสมาชิกนี้ลงทะเบียนไว้', NULL, 'ບໍ່ພົບສະມາຊິກນີ້ລົງທະບຽນໄວ້'),
(214, 'Not specified', 'text', 'index', 0, 'ไม่ระบุ', NULL, 'ບໍ່ໄດ້ກໍານົດ'),
(215, 'Note or additional notes', 'text', 'index', 0, 'คำอธิบายหรือหมายเหตุเพิ่มเติม', NULL, 'ຄໍາອະທິບາຍຫລືຫມາຍເຫດເພີ່ມເຕີມ'),
(216, 'Number such as %04d (%04d means 4 digits, maximum 11 digits)', 'text', 'index', 0, 'เลขที่ เช่น %04d (%04d หมายถึง ตัวเลข 4 หลัก สูงสุด 11 หลัก)', NULL, 'ຕົວເລກເຊັ່ນ %04d (%04d ຫມາຍຄວາມວ່າ 4 ຕົວເລກ, ສູງສຸດ 11 ຕົວເລກ)'),
(217, 'Other', 'text', 'index', 0, 'อื่นๆ', NULL, 'ອື່ນໆ'),
(218, 'OTP is invalid or expired. Please request a new OTP.', 'text', 'index', 0, 'OTP ไม่ถูกต้องหรือหมดอายุ กรุณาขอ OTP ใหม่', NULL, 'OTP ບໍ່ຖືກຕ້ອງ ຫຼືໝົດອາຍຸ ກະລຸນາຮ້ອງຂໍ OTP ໃໝ່.'),
(219, 'Page details', 'text', 'index', 0, 'รายละเอียดของหน้า', NULL, 'ລາຍລະອຽດຂອງໜ້າ'),
(220, 'Password', 'text', 'index', 0, 'รหัสผ่าน', NULL, 'ລະຫັດຜ່ານ'),
(221, 'Password of the mail server. (To change the fill.)', 'text', 'index', 0, 'รหัสผ่านของเมล์เซิร์ฟเวอร์ (ต้องการเปลี่ยน ให้กรอก)', NULL, 'ລະຫັດຜ່ານຂອງເມວເຊີບເວີ (ຕ້ອງການປ່ຽນ ໃຫ້ເພີ່ມ)'),
(222, 'Passwords must be at least four characters', 'text', 'index', 0, 'รหัสผ่านต้องไม่น้อยกว่า 4 ตัวอักษร', NULL, 'ລະຫັດຜ່ານຕ້ອງບໍ່ຕ່ຳກວ່າ 4 ຕົວອັກສອນ'),
(223, 'Permission', 'text', 'index', 0, 'สิทธิ์การใช้งาน', NULL, 'ສິດໃນການໃຊ້ວຽກ'),
(224, 'persons', 'text', 'index', 0, 'ท่าน', NULL, 'ຄົນ'),
(225, 'Phone', 'text', 'index', 0, 'โทรศัพท์', NULL, 'ເບີໂທລະສັບ'),
(226, 'Please check the new member registration.', 'text', 'index', 0, 'กรุณาตรวจสอบการลงทะเบียนสมาชิกใหม่', NULL, 'ກະລຸນາກວດສອບການລົງທະບຽນສະມາຊິກໃໝ່.'),
(227, 'Please click the link to verify your email address.', 'text', 'index', 0, 'กรุณาคลิกลิงค์เพื่อยืนยันที่อยู่อีเมล', NULL, 'ກະລຸນາຄລິກທີ່ລິ້ງເພື່ອຢືນຢັນທີ່ຢູ່ອີເມວຂອງທ່ານ'),
(228, 'Please fill in', 'text', 'index', 0, 'กรุณากรอก', NULL, 'ກະລຸນາຕື່ມຂໍ້ມູນໃສ່'),
(229, 'Please fill up this form', 'text', 'index', 0, 'กรุณากรอกแบบฟอร์มนี้', NULL, 'ກະລຸນາຕື່ມແບບຟອມນີ້'),
(230, 'Please login', 'text', 'index', 0, 'กรุณาเข้าระบบ', NULL, 'ກະລຸນາເຂົ້າສູ່ລະບົບ'),
(231, 'Please select', 'text', 'index', 0, 'กรุณาเลือก', NULL, 'ກະລຸນາເລືອກ'),
(232, 'Please select :name at least one item', 'text', 'index', 0, 'กรุณาเลือก :name อย่างน้อย 1 รายการ', NULL, 'ກະລຸນາເລືອກ :name ຢ່າງໜ້ອຍ 1 ລາຍການ'),
(233, 'Please select from the search results', 'text', 'index', 0, 'กรุณาเลือกจากผลการค้นหา', NULL, 'ກະລຸນາເລືອກຈາກຜົນການຄົ້ນຫາ'),
(234, 'Port', 'text', 'index', 0, 'พอร์ต', NULL, 'ພອດ'),
(235, 'Prefix', 'text', 'index', 0, 'คำนำหน้า', NULL, 'ຄຳນຳໜ້າ'),
(236, 'Prefix, if changed The number will be counted again. You can enter %Y%M (year, month).', 'text', 'index', 0, 'คำนำหน้า ถ้ามีการเปลี่ยนแปลง เลขที่จะนับหนึ่งใหม่ สามารถใส่ %Y%M (ปี, เดือน) ได้', NULL, 'ຄໍານໍາຫນ້າ, ຖ້າມີການປ່ຽນແປງ ຕົວເລກທີ່ຈະນັບອີກຄັ້ງສາມາດໃສ່ເປັນ %Y%M (ປີ, ເດືອນ).'),
(237, 'Privacy Policy', 'text', 'index', 0, 'นโยบายความเป็นส่วนตัว', NULL, 'ນະໂຍບາຍຄວາມເປັນສ່ວນຕົວ'),
(238, 'Product code', 'text', 'index', 0, 'รหัสสินค้า', NULL, 'ລະຫັດສິນຄ້າ'),
(239, 'Profile', 'text', 'index', 0, 'ข้อมูลส่วนตัว', NULL, 'ຂໍ້ມູນສ່ວນຕົວ'),
(240, 'Province', 'text', 'index', 0, 'จังหวัด', NULL, 'ແຂວງ'),
(241, 'Quantity', 'text', 'index', 0, 'จำนวน', NULL, 'ຈໍານວນ'),
(242, 'Reason', 'text', 'index', 0, 'เหตุผล', NULL, 'ເຫດ​ຜົນ'),
(243, 'Register', 'text', 'index', 0, 'สมัครสมาชิก', NULL, 'ສະໝັກສະມາຊິກ'),
(244, 'Register successfully Please log in', 'text', 'index', 0, 'ลงทะเบียนเรียบร้อยแล้วกรุณาเข้าสู่ระบบ', NULL, 'ລົງທະບຽນຢ່າງສຳເລັດຜົນກະລຸນາເຂົ້າສູ່ລະບົບ'),
(245, 'Register successfully, We have sent complete registration information to :email', 'text', 'index', 0, 'ลงทะเบียนสมาชิกใหม่เรียบร้อย เราได้ส่งข้อมูลการลงทะเบียนไปยัง :email', NULL, 'ລົງທະບຽນສຳເລັດແລ້ວ ເຮົາໄດ້ສົ່ງຂໍ້ມູນການລົງທະບຽນໄປທີ່ :email'),
(246, 'Registered successfully Please check your email :email and click the link to verify your email.', 'text', 'index', 0, 'ลงทะเบียนเรียบร้อย กรุณาตรวจสอบอีเมล์ :email และคลิงลิงค์ยืนยันอีเมล', NULL, 'ລົງທະບຽນສົບຜົນສໍາເລັດ ກະ​ລຸ​ນາ​ກວດ​ສອບ​ອີ​ເມວ​ຂອງ​ທ່ານ :email ແລະ​ຄລິກ​ໃສ່​ການ​ເຊື່ອມ​ຕໍ່​ເພື່ອ​ກວດ​ສອບ​ອີ​ເມວ​ຂອງ​ທ່ານ​.'),
(247, 'Remain', 'text', 'index', 0, 'คงเหลือ', NULL, 'ຄົງເຫລືອ'),
(248, 'Remember me', 'text', 'index', 0, 'จำการเข้าระบบ', NULL, 'ຈົດຈຳການເຂົ້າລະບົບ'),
(249, 'Remove', 'text', 'index', 0, 'ลบ', NULL, 'ລຶບ'),
(250, 'Report', 'text', 'index', 0, 'รายงาน', NULL, 'ບົດລາຍງານ'),
(251, 'Resend', 'text', 'index', 0, 'ส่งใหม่', NULL, 'ສົ່ງຄືນ'),
(252, 'resized automatically', 'text', 'index', 0, 'ปรับขนาดอัตโนมัติ', NULL, 'ປັບຂະໜາດອັດຕະໂນມັດ'),
(253, 'Return', 'text', 'index', 0, 'คืน', NULL, 'ຄືນ'),
(254, 'Returned', 'text', 'index', 0, 'ส่งคืน', NULL, 'ສົ່ງຄືນ'),
(255, 'Save', 'text', 'index', 0, 'บันทึก', NULL, 'ບັນທຶກ'),
(256, 'Save and email completed', 'text', 'index', 0, 'บันทึกและส่งอีเมลเรียบร้อย', NULL, 'ບັນທຶກແລະສົ່ງອີເມວຮຽນຮ້ອຍ'),
(257, 'Saved successfully', 'text', 'index', 0, 'บันทึกเรียบร้อย', NULL, 'ບັນທຶກຮຽບຮ້ອຍ'),
(258, 'scroll to top', 'text', 'index', 0, 'เลื่อนขึ้นด้านบน', NULL, 'ເລື່ອນຂື້ນດ້ານເທິງ'),
(259, 'Search', 'text', 'index', 0, 'ค้นหา', NULL, 'ຄົ້ນຫາ'),
(260, 'Search <strong>:search</strong> found :count entries, displayed :start to :end, page :page of :total pages', 'text', 'index', 0, 'ค้นหา <strong>:search</strong> พบ :count รายการ แสดงรายการที่ :start - :end หน้าที่ :page จากทั้งหมด :total หน้า', NULL, 'ຄົ້ນຫາ <strong>:search</strong> ພົບ :count ລາຍການ ສະແດງລາຍການທີ່:start - :end ໜ້າທີ່:page ຈາກທັງໝົດ :total ໜ້າ'),
(261, 'Search for equipment and then choose from the list', 'text', 'index', 0, 'ค้นหาพัสดุ แล้วเลือกจากรายการ', NULL, 'ຄົ້ນຫາພັສດຸແລ້ວເລືອກຈາກລາຍະການ'),
(262, 'Send a new password request', 'text', 'index', 0, 'ส่งคำขอ ขอรหัสผ่านใหม่', NULL, 'ສົ່ງຄຳຮ້ອງຂໍລະຫັດຜ່ານໃໝ່'),
(263, 'Send a welcome email to new members', 'text', 'index', 0, 'ส่งข้อความต้อนรับสมาชิกใหม่', NULL, 'ສົ່ງອີເມວຕ້ອນຮັບກັບສະມາຊິກໃຫມ່'),
(264, 'Send again in', 'text', 'index', 0, 'ส่งใหม่ในอีก', NULL, 'ສົ່ງຄືນໃນເວລາອື່ນ'),
(265, 'Send login approval notification', 'text', 'index', 0, 'ส่งแจ้งเตือนอนุมัติการเข้าระบบ', NULL, 'ສົ່ງການແຈ້ງເຕືອນການອະນຸມັດການເຂົ້າສູ່ລະບົບ'),
(266, 'Send login authorization email', 'text', 'index', 0, 'ส่งอีเมลอนุมัติการเข้าระบบ', NULL, 'ສົ່ງອີເມວການອະນຸຍາດເຂົ້າສູ່ລະບົບ'),
(267, 'Send member confirmation email', 'text', 'index', 0, 'ส่งอีเมลยืนยันสมาชิก', NULL, 'ສົ່ງອີເມລ໌ຢືນຢັນສະມາຊິກ'),
(268, 'Send member confirmation message', 'text', 'index', 0, 'ส่งข้อความยืนยันสมาชิก', NULL, 'ສົ່ງຂໍ້ຄວາມຢືນຢັນສະມາຊິກ'),
(269, 'send message to user When a user adds LINE&#039;s official account as a friend', 'text', 'index', 0, 'ส่งข้อความไปยังผู้ใช้ เมื่อผู้ใช้เพิ่มบัญชีทางการของไลน์เป็นเพื่อน', NULL, 'ສົ່ງຂໍ້ຄວາມຫາຜູ້ໃຊ້ ເມື່ອຜູ້ໃຊ້ເພີ່ມບັນຊີທາງການຂອງ LINE ເປັນໝູ່'),
(270, 'Send notification messages When making a transaction', 'text', 'index', 0, 'ส่งข้อความแจ้งเตือนเมื่อมีการทำรายการ', NULL, 'ສົ່ງຂໍ້ຄວາມແຈ້ງເຕືອນເມື່ອມີການເຮັດທຸລະກຳ'),
(271, 'Sender Name', 'text', 'index', 0, 'ชื่อผู้ส่ง', NULL, 'ຊື່ຜູ້ສົ່ງ'),
(272, 'Serial/Registration No.', 'text', 'index', 0, 'หมายเลขเครื่อง/เลขทะเบียน', NULL, 'ຫມາຍເລກເຄື່ອງ/ເລກທະບຽນ'),
(273, 'Server time', 'text', 'index', 0, 'เวลาเซิร์ฟเวอร์', NULL, 'ເວລາຂອງເຊີບເວີ'),
(274, 'Set the application for send an email', 'text', 'index', 0, 'เลือกโปรแกรมที่ใช้ในการส่งอีเมล', NULL, 'ເລືອກໂປຮແກຮມທີ່ໃຊ້ໃນການສົ່ງອີເມວ'),
(275, 'Setting up the email system', 'text', 'index', 0, 'การตั้งค่าเกี่ยวกับระบบอีเมล', NULL, 'ການຕັ້ງຄ່າກ່ຽວກັບລະບົບອີເມວ'),
(276, 'Settings', 'text', 'index', 0, 'ตั้งค่า', NULL, 'ຕັ້ງຄ່າ'),
(277, 'Settings the conditions for member login', 'text', 'index', 0, 'ตั้งค่าเงื่อนไขในการตรวจสอบการเข้าสู่ระบบ', NULL, 'ຕັ້ງເງື່ອນໄຂການກວດສອບການເຂົ້າລະບົບ'),
(278, 'Settings the timing of the server to match the local time', 'text', 'index', 0, 'ตั้งค่าเขตเวลาของเซิร์ฟเวอร์ ให้ตรงกันกับเวลาท้องถิ่น', NULL, 'ຕັ້ງຄ່າເຂດເວລາຂອງເຊີບເວີ ໃຫ້ກົງກັບເວລາທ້ອງຖີ່ນ'),
(279, 'Sex', 'text', 'index', 0, 'เพศ', NULL, 'ເພດ'),
(280, 'Short description about your website', 'text', 'index', 0, 'ข้อความสั้นๆอธิบายว่าเป็นเว็บไซต์เกี่ยวกับอะไร', NULL, 'ຂໍ້ຄວາມສັ້ນໆ ອະທິບາຍວ່າເປັນເວັບໄຊກ່ຽວກັບຫຍັງ'),
(281, 'Show', 'text', 'index', 0, 'แสดง', NULL, 'ສະແດງ'),
(282, 'Show web title with logo', 'text', 'index', 0, 'แสดงชื่อเว็บและโลโก', NULL, 'ສະແດງຊື່ເວັບແລະໂລໂກ້'),
(283, 'showing page', 'text', 'index', 0, 'กำลังแสดงหน้าที่', NULL, 'ສະແດງໜ້າທີ່'),
(284, 'Site Name', 'text', 'index', 0, 'ชื่อของเว็บไซต์', NULL, 'ຊື່ຂອງເວັບໄຊ'),
(285, 'Site settings', 'text', 'index', 0, 'ตั้งค่าเว็บไซต์', NULL, 'ຕັ້ງຄ່າເວັບໄຊ'),
(286, 'size :width*:height pixel', 'text', 'index', 0, 'ขนาด :width*:height พิกเซล', NULL, 'ຂະໜາດ :width*:height ຟິດເຊວล'),
(287, 'Size of', 'text', 'index', 0, 'ขนาดของ', NULL, 'ຂະໜາດຂອງ'),
(288, 'skip to content', 'text', 'index', 0, 'ข้ามไปยังเนื้อหา', NULL, 'ຂ້າມໄປຍັງເນື້ອຫາ'),
(289, 'SMS Settings', 'text', 'index', 0, 'ตั้งค่า SMS', NULL, 'ຕັ້ງຄ່າ SMS'),
(290, 'Sorry', 'text', 'index', 0, 'ขออภัย', NULL, 'ຂໍໂທດ'),
(291, 'Sorry, cannot find a page called Please check the URL or try the call again.', 'text', 'index', 0, 'ขออภัย ไม่พบหน้าที่เรียก โปรดตรวจสอบ URL หรือลองเรียกอีกครั้ง', NULL, 'ຂໍ​ອະ​ໄພ, ບໍ່​ສາ​ມາດ​ຊອກ​ຫາ​ຫນ້າ​ທີ່​ຮ້ອງ​ຂໍ. ກະ​ລຸ​ນາ​ກວດ​ສອບ URL ຫຼື​ພະ​ຍາ​ຍາມ​ດຶງ​ຂໍ້​ມູນ​ອີກ​ເທື່ອ​ຫນຶ່ງ.'),
(292, 'Sorry, Item not found It&#39;s may be deleted', 'text', 'index', 0, 'ขออภัย ไม่พบรายการที่เลือก รายการนี้อาจถูกลบไปแล้ว', NULL, 'ຂໍໂທດ ບໍ່ພົບລາຍການທີ່ເລືອກ ລາຍການນີ້ອາດຖືກລຶບໄປແລ້ວ'),
(293, 'Specify the language code of the email, as utf-8', 'text', 'index', 0, 'ระบุรหัสภาษาของอีเมลที่ส่ง เช่น utf-8', NULL, 'ລະບຸລະຫັດພາສາຂອງອີເມວທີ່ສົ່ງເຊັ່ນ utf-8'),
(294, 'Start a new line with the web name', 'text', 'index', 0, 'ขึ้นบรรทัดใหม่ชื่อเว็บ', NULL, 'ເລີ່ມແຖວໃໝ່ຊື່ເວັບ'),
(295, 'Status', 'text', 'index', 0, 'สถานะ', NULL, 'ສະຖານະ'),
(296, 'Status for general members', 'text', 'index', 0, 'สถานะสำหรับสมาชิกทั่วไป', NULL, 'ສະຖານະສຳລັບສະມາຊິກທົ່ວໄປ'),
(297, 'Status update', 'text', 'index', 0, 'ปรับปรุงสถานะ', NULL, 'ປັບປຸງສະຖານະ'),
(298, 'Stock', 'text', 'index', 0, 'คงเหลือ', NULL, 'ທີ່ຍັງເຫຼືອ'),
(299, 'Style', 'text', 'index', 0, 'รูปแบบ', NULL, 'ຮູບແບບ'),
(300, 'Text color', 'text', 'index', 0, 'สีตัวอักษร', NULL, 'ສີຕົວອັກສອນ'),
(301, 'The amount delivered is greater than the amount borrowed', 'text', 'index', 0, 'จำนวนที่ส่งมอบมากกว่าจำนวนที่ยืม', NULL, 'ຈຳນວນທີ່ຖືກສົ່ງແມ່ນໃຫຍ່ກວ່າຈຳນວນທີ່ຖືກຢືມ.'),
(302, 'The amount returned is greater than the amount delivered', 'text', 'index', 0, 'จำนวนที่คืนมากกว่าจำนวนที่ส่งมอบ', NULL, 'ຈໍານວນທີ່ສົ່ງຄືນແມ່ນສູງກວ່າຈໍານວນທີ່ສົ່ງ'),
(303, 'The amount returned is not equal to the amount delivered', 'text', 'index', 0, 'จำนวนที่คืนไม่เท่ากับจำนวนที่ส่งมอบ', NULL, 'ຈໍານວນທີ່ສົ່ງຄືນແມ່ນບໍ່ເທົ່າກັບຈໍານວນທີ່ສົ່ງ'),
(304, 'The e-mail address of the person or entity that has the authority to make decisions about the collection, use or dissemination of personal data.', 'text', 'index', 0, 'ที่อยู่อีเมลของบุคคลหรือนิติบุคคลที่มีอำนาจตัดสินใจเกี่ยวกับการเก็บรวบรวม ใช้ หรือเผยแพร่ข้อมูลส่วนบุคคล', NULL, 'ທີ່ຢູ່ອີເມລ໌ຂອງບຸກຄົນຫຼືຫນ່ວຍງານທີ່ມີອໍານາດໃນການຕັດສິນໃຈກ່ຽວກັບການລວບລວມ, ການນໍາໃຊ້ຫຼືການເຜີຍແຜ່ຂໍ້ມູນສ່ວນບຸກຄົນ.'),
(305, 'The members status of the site', 'text', 'index', 0, 'สถานะของสมาชิกของเว็บไซต์', NULL, 'ສະຖານະຂອງສະມາຂິກຂອງເວັບໄຊ'),
(306, 'The message has been sent to the admin successfully. Please wait a moment for the admin to approve the registration. You can log back in later if approved.', 'text', 'index', 0, 'ส่งข้อความไปยังผู้ดูแลระบบเรียบร้อยแล้ว กรุณารอสักครู่เพื่อให้ผู้ดูแลระบบอนุมัติการลงทะเบียน คุณสามารถกลับมาเข้าระบบได้ในภายหลังหากได้รับการอนุมัติแล้ว', NULL, 'ຂໍ້ຄວາມດັ່ງກ່າວໄດ້ຖືກສົ່ງໄປຫາຜູ້ເບິ່ງແຍງຢ່າງສໍາເລັດຜົນ. ກະລຸນາລໍຖ້າໃຫ້ຜູ້ເບິ່ງແຍງລະບົບອະນຸມັດການລົງທະບຽນ. ທ່ານສາມາດເຂົ້າສູ່ລະບົບຄືນໄດ້ໃນພາຍຫຼັງຖ້າໄດ້ຮັບການອະນຸມັດ.'),
(307, 'The name of the mail server as localhost or smtp.gmail.com (To change the settings of your email is the default. To remove this box entirely.)', 'text', 'index', 0, 'ชื่อของเมล์เซิร์ฟเวอร์ เช่น localhost หรือ smtp.gmail.com (ต้องการเปลี่ยนค่ากำหนดของอีเมลทั้งหมดเป็นค่าเริ่มต้น ให้ลบข้อความในช่องนี้ออกทั้งหมด)', NULL, 'ຊື່ຂອງເມວເຊີບເວີເຊັ່ນ localhost หรือ chitdpt@gmail.com (ຕ້ອງປ່ຽນຄ່າກຳນົດຂອງອີເມວທັງໝົດເປັນຄ່າເລີ່ມຕົ້ນ ໃຫ້ລຶບຂໍ້ຄວາມໃນຊ່ອງນີ້ອອກທັງໝົດ)'),
(308, 'The system has sent a new OTP code to the phone number you have registered. Please check the SMS and enter the code to confirm the phone number.', 'text', 'index', 0, 'ระบบได้ส่งรหัส OTP ใหม่ไปยังหมายเลขโทรศัพท์ที่ท่านได้ลงทะเบียนไว้แล้ว กรุณาตรวจสอบ SMS แล้วให้นำรหัสมากรอกเพื่อเป็นการยืนยันเบอร์โทรศัพท์', NULL, 'ລະບົບໄດ້ສົ່ງລະຫັດ OTP ໃໝ່ໄປຫາເບີໂທລະສັບທີ່ທ່ານລົງທະບຽນແລ້ວ ກະລຸນາກວດເບິ່ງ SMS ແລະໃສ່ລະຫັດເພື່ອຢືນຢັນເບີໂທລະສັບ.'),
(309, 'The type of file is invalid', 'text', 'index', 0, 'ชนิดของไฟล์ไม่รองรับ', NULL, 'ຊະນິດຂອງແຟ້ມບໍ່ຮອງຮັບ'),
(310, 'Theme', 'text', 'index', 0, 'ธีม', NULL, 'ຮູບແບບສີສັນ'),
(311, 'There is not enough :name (remaining :stock :unit)', 'text', 'index', 0, 'มีสินค้า :name ไม่เพียงพอ (คงเหลือ :stock :unit)', NULL, 'ຜະລິດຕະພັນ :name ບໍ່ພຽງພໍ (ຍັງເຫຼືອ :stock :unit)'),
(312, 'This :name already exist', 'text', 'index', 0, 'มี :name นี้อยู่ก่อนแล้ว', NULL, 'ມີ :name ນີ້ຢູ່ກ່ອນແລ້ວ'),
(313, 'This website uses cookies to provide our services. To find out more about our use of cookies, please see our :privacy.', 'text', 'index', 0, 'เว็บไซต์นี้มีการใช้คุกกี้เพื่อปรับปรุงการให้บริการ หากต้องการข้อมูลเพิ่มเติมเกี่ยวกับการใช้คุกกี้ของเรา โปรดดู :privacy', NULL, 'ເວັບໄຊທ໌ນີ້ໃຊ້ຄຸກກີເພື່ອປັບປຸງການບໍລິການ. ສໍາລັບຂໍ້ມູນເພີ່ມເຕີມກ່ຽວກັບການນໍາໃຊ້ຄຸກກີຂອງພວກເຮົາ, ເບິ່ງ :privacy'),
(314, 'time', 'text', 'index', 0, 'เวลา', NULL, 'ເວລາ'),
(315, 'Time zone', 'text', 'index', 0, 'เขตเวลา', NULL, 'ເຂດເວລາ'),
(316, 'times', 'text', 'index', 0, 'ครั้ง', NULL, 'ຄັ້ງ'),
(317, 'to', 'text', 'index', 0, 'ถึง', NULL, 'ເຖິງ'),
(318, 'To change your password, enter your password to match the two inputs', 'text', 'index', 0, 'ถ้าต้องการเปลี่ยนรหัสผ่าน กรุณากรอกรหัสผ่านสองช่องให้ตรงกัน', NULL, 'ຖ້າຕ້ອງການປ່ຽນລະຫັດຜ່ານກະລຸນາເພີ່ມລະຫັດຜ່ານສອງຊ່ອງໃຫ້ກົງກັນ'),
(319, 'Topic', 'text', 'index', 0, 'หัวข้อ', NULL, 'ຫົວຂໍ້'),
(320, 'Transaction date', 'text', 'index', 0, 'วันที่ทำรายการ', NULL, 'ວັນທີ່ເຮັດລາຍະການ'),
(321, 'Transaction details', 'text', 'index', 0, 'รายละเอียดการทำรายการ', NULL, 'ລາຍະລະອຽດການເຮັດລາຍະການ'),
(322, 'Transaction history', 'text', 'index', 0, 'ประวัติการทำรายการ', NULL, 'ປະວັດການເຮັດລາຍະການ'),
(323, 'Transaction No.', 'text', 'index', 0, 'เลขที่การทำรายการ', NULL, 'ເລກທີ່ການເຮັດລາຍະການ'),
(324, 'Type', 'text', 'index', 0, 'ชนิด', NULL, 'ປະເພດ'),
(325, 'Un-Returned items', 'text', 'index', 0, 'รายการครบกำหนดคืน', NULL, 'ລາຍະການຄົບກໍາຫນົດຄືນ'),
(326, 'Unable to complete the transaction', 'text', 'index', 0, 'ไม่สามารถทำรายการนี้ได้', NULL, 'ບໍ່ສາມາດເຮັດລາຍການນີ້ໄດ້'),
(327, 'Unit', 'text', 'index', 0, 'หน่วย', NULL, 'ໜ່ວຍ'),
(328, 'Upload', 'text', 'index', 0, 'อัปโหลด', NULL, 'ອັບໂຫຼດ'),
(329, 'Upload :type files', 'text', 'index', 0, 'อัปโหลดไฟล์ :type', NULL, 'ອັບໂຫຼດແຟ້ມຂໍ້ມູນ :type'),
(330, 'URL must begin with http:// or https://', 'text', 'index', 0, 'URL ต้องขึ้นต้นด้วย http:// หรือ https://', NULL, 'URL ຕ້ອງເລີ່ມຕົ້ນດ້ວຍ http:// ຫຼື https://'),
(331, 'Usage history', 'text', 'index', 0, 'ประวัติการใช้งาน', NULL, 'ປະ​ຫວັດ​ການ​ນໍາ​ໃຊ້​'),
(332, 'Use the theme&#039;s default settings.', 'text', 'index', 0, 'ใช้การตั้งค่าเริ่มต้นของธีม', NULL, 'ໃຊ້ການຕັ້ງຄ່າເລີ່ມຕົ້ນຂອງຮູບແບບສີສັນ.'),
(333, 'User', 'text', 'index', 0, 'สมาชิก', NULL, 'ສະມາຊິກ'),
(334, 'Username', 'text', 'index', 0, 'ชื่อผู้ใช้', NULL, 'ຊື່ຜູ້ໃຊ້'),
(335, 'Username for the mail server. (To change, enter a new value.)', 'text', 'index', 0, 'ชื่อผู้ใช้ของเมล์เซิร์ฟเวอร์ (ต้องการเปลี่ยน ให้กรอก)', NULL, 'ຊື່ຜູ້ໃຊ້ຂອງເມວເຊີບເວີ (ຕ້ອງການປ່ຽນ ໃຫ້ເພີ່ມ)'),
(336, 'Username used for login or request a new password', 'text', 'index', 0, 'ชื่อผู้ใช้ ใช้สำหรับการเข้าระบบหรือการขอรหัสผ่านใหม่', NULL, 'ຊື່ຜູ້ໃຊ້ທີ່ໃຊ້ສໍາລັບການເຂົ້າສູ່ລະບົບຫຼືຮ້ອງຂໍລະຫັດຜ່ານໃຫມ່'),
(337, 'Users', 'text', 'index', 0, 'สมาชิก', NULL, 'ສະມາຊິກ'),
(338, 'Verify Account', 'text', 'index', 0, 'ยืนยันบัญชี', NULL, 'ຢືນຢັນບັນຊີ'),
(339, 'Version', 'text', 'index', 0, 'รุ่น', NULL, 'ຮຸ່ນ'),
(340, 'Waiting list', 'text', 'index', 0, 'รายการรอตรวจสอบ', NULL, 'ລາຍຊື່ລໍຖ້າ'),
(341, 'Waiting to check from the staff', 'text', 'index', 0, 'รอตรวจสอบจากเจ้าหน้าที่', NULL, 'ລໍຖ້າການກວດສອບຈາກພະນັກງານ'),
(342, 'Website template', 'text', 'index', 0, 'แม่แบบเว็บไซต์', NULL, 'ແມ່ແບບເວັບໄຊທ໌'),
(343, 'Website title', 'text', 'index', 0, 'ชื่อเว็บ', NULL, 'ຊື່ເວັບ'),
(344, 'Welcome', 'text', 'index', 0, 'สวัสดี', NULL, 'ສະບາຍດີ'),
(345, 'Welcome %s, login complete', 'text', 'index', 0, 'สวัสดี คุณ %s ยินดีต้อนรับเข้าสู่ระบบ', NULL, 'ສະບາຍດີທ່ານ %s ຍິນດີຕ້ອນຮັບເຂົ້າສູ່ລະບົບ'),
(346, 'Welcome new members', 'text', 'index', 0, 'ยินดีต้อนรับสมาชิกใหม่', NULL, 'ຍິນດີຕ້ອນຮັບສະມາຊິກໃໝ່'),
(347, 'Welcome. Phone number has been verified. Please log in again.', 'text', 'index', 0, 'ยินดีต้อนรับ หมายเลขโทรศัพท์ได้รับการยืนยันแล้ว กรุณาเข้าระบบอีกครั้ง', NULL, 'ຍິນດີຕ້ອນຮັບເບີໂທລະສັບ. ກະລຸນາເຂົ້າສູ່ລະບົບອີກຄັ້ງ.'),
(348, 'When enabled Social accounts can be logged in as an administrator. (Some abilities will not be available)', 'text', 'index', 0, 'เมื่อเปิดใช้งาน บัญชีโซเชียลจะสามารถเข้าระบบเป็นผู้ดูแลได้ (ความสามารถบางอย่างจะไม่สามารถใช้งานได้)', NULL, 'ເມື່ອເປີດໃຊ້ງານ ບັນຊີສັງຄົມສາມາດເຂົ້າສູ່ລະບົບເປັນຜູ້ບໍລິຫານ. (ຄວາມສາມາດບາງຢ່າງຈະບໍ່ມີ)'),
(349, 'When enabled, a cookies consent banner will be displayed.', 'text', 'index', 0, 'เมื่อเปิดใช้งานระบบจะแสดงแบนเนอร์ขออนุญาตใช้งานคุ้กกี้', NULL, 'ເມື່ອເປີດໃຊ້ງານແລ້ວ, ປ້າຍໂຄສະນາການຍິນຍອມຂອງ cookies ຈະສະແດງຂຶ້ນ.'),
(350, 'When enabled, Members registered with email must also verify their email address. It is not recommended to use in conjunction with other login methods.', 'text', 'index', 0, 'เมื่อเปิดใช้งาน สมาชิกที่ลงทะเบียนด้วยอีเมลจะต้องยืนยันที่อยู่อีเมลด้วย ไม่แนะนำให้ใช้ร่วมกับการเข้าระบบด้วยช่องทางอื่นๆ', NULL, 'ເມື່ອເປີດໃຊ້ ສະມາຊິກທີ່ລົງທະບຽນກັບອີເມລ໌ຈະຕ້ອງຢືນຢັນທີ່ຢູ່ອີເມວຂອງເຂົາເຈົ້າ. ມັນບໍ່ໄດ້ຖືກແນະນໍາໃຫ້ໃຊ້ຮ່ວມກັບວິທີການເຂົ້າສູ່ລະບົບອື່ນໆ.'),
(351, 'Width', 'text', 'index', 0, 'กว้าง', NULL, 'ກວ້າງ'),
(352, 'With selected', 'text', 'index', 0, 'ทำกับที่เลือก', NULL, 'ເຮັດກັບທີ່ເລືອກ'),
(353, 'year', 'text', 'index', 0, 'ปี', NULL, 'ປີ'),
(354, 'You can enter your LINE user ID below on your personal information page. to link your account to this official account', 'text', 'index', 0, 'คุณสามารถกรอก LINE user ID ด้านล่างในหน้าข้อมูลส่วนตัวของคุณ เพื่อผูกบัญชีของคุณเข้ากับบัญชีทางการนี้ได้', NULL, 'ທ່ານສາມາດໃສ່ LINE user ID ຂອງທ່ານຂ້າງລຸ່ມນີ້ຢູ່ໃນຫນ້າຂໍ້ມູນສ່ວນຕົວຂອງທ່ານ. ເພື່ອເຊື່ອມຕໍ່ບັນຊີຂອງທ່ານກັບບັນຊີທາງການນີ້'),
(355, 'You can login at', 'text', 'index', 0, 'คุณสามารถเข้าระบบได้ที่', NULL, 'ທ່ານສາມາດເຂົ້າສູ່ລະບົບໄດ້ທີ່'),
(356, 'You have not returned the equipment. Please return it first.', 'text', 'index', 0, 'คุณยังไม่ได้คืนพัสดุ กรุณาคืนพัสดุก่อน', NULL, 'ຄຸນຍັງບໍ່ໄດ້ຄືນພັສດຸກະລຸນາຄືນພັສດຸກ່ອນ'),
(357, 'You haven&#039;t verified your email address. Please check your email. and click the link in the email', 'text', 'index', 0, 'คุณยังไม่ได้ยืนยันที่อยู่อีเมล กรุณาตรวจสอบอีเมลของคุณ และคลิกลิงค์ในอีเมล', NULL, 'ທ່ານຍັງບໍ່ໄດ້ຢືນຢັນທີ່ຢູ່ອີເມວຂອງທ່ານ. ກະລຸນາກວດເບິ່ງອີເມວຂອງທ່ານ. ແລະຄລິກໃສ່ການເຊື່ອມຕໍ່ໃນອີເມລ໌'),
(358, 'You want to', 'text', 'index', 0, 'คุณต้องการ', NULL, 'ທ່ານຕ້ອງການ'),
(359, 'Your account has been approved.', 'text', 'index', 0, 'บัญชีของท่านได้รับการอนุมัติเรียบร้อยแล้ว', NULL, 'ບັນຊີຂອງທ່ານໄດ້ຮັບການອະນຸມັດແລ້ວ.'),
(360, 'Your account has not been approved, please wait or contact the administrator.', 'text', 'index', 0, 'บัญชีของท่านยังไม่ได้รับการอนุมัติ กรุณารอ หรือติดต่อสอบถามไปยังผู้ดูแล', NULL, 'ບັນຊີຂອງທ່ານບໍ່ໄດ້ຮັບການອະນຸມັດ, ກະລຸນາລໍຖ້າ ຫຼືຕິດຕໍ່ຜູ້ເບິ່ງແຍງລະບົບ.'),
(361, 'Your message was sent successfully', 'text', 'index', 0, 'ส่งข้อความไปยังผู้ที่เกี่ยวข้องเรียบร้อยแล้ว', NULL, 'ສົ່ງຂໍ້ຄວາມໄປຍັງຜູ້ຮັບຮຽບຮ້ອຍແລ້ວ'),
(362, 'Your new password is', 'text', 'index', 0, 'รหัสผ่านใหม่ของคุณคือ', NULL, 'ລະຫັດຜ່ານໃໝ່ຂອງທ່ານຄື'),
(363, 'Your OTP code is :otp. Please enter this code on the website to confirm your phone number.', 'text', 'index', 0, 'รหัส OTP ของคุณคือ :otp กรุณาป้อนรหัสนี้บนเว็บไซต์เพื่อยืนยันหมายเลขโทรศัพท์ของคุณ', NULL, 'ລະຫັດ OTP ຂອງທ່ານແມ່ນ :otp ກະລຸນາໃສ່ລະຫັດນີ້ຢູ່ໃນເວັບໄຊທ໌ເພື່ອຢືນຢັນເບີໂທລະສັບຂອງທ່ານ.'),
(364, 'Your registration information', 'text', 'index', 0, 'ข้อมูลการลงทะเบียนของคุณ', NULL, 'ຂໍ້ມູນການລົງທະບຽນຂອງທ່ານ'),
(365, 'Zipcode', 'text', 'index', 0, 'รหัสไปรษณีย์', NULL, 'ລະຫັດໄປສະນີ');

-- --------------------------------------------------------

--
-- Table structure for table `app_logs`
--

CREATE TABLE `app_logs` (
  `id` int(11) NOT NULL,
  `src_id` int(11) NOT NULL,
  `module` varchar(20) NOT NULL,
  `action` varchar(20) NOT NULL,
  `create_date` datetime NOT NULL,
  `reason` text DEFAULT NULL,
  `member_id` int(11) DEFAULT NULL,
  `topic` text NOT NULL,
  `datas` text DEFAULT NULL
) ENGINE=InnoDB DEFAULT CHARSET=utf8 COLLATE=utf8_general_ci;

--
-- Dumping data for table `app_logs`
--

INSERT INTO `app_logs` (`id`, `src_id`, `module`, `action`, `create_date`, `reason`, `member_id`, `topic`, `datas`) VALUES
(1, 1, 'index', 'User', '2024-12-15 11:39:26', NULL, 1, '{LNG_Login} IP ::1', NULL),
(2, 1, 'index', 'User', '2024-12-15 15:32:55', NULL, 1, '{LNG_Login} IP ::1', NULL),
(3, 1, 'index', 'User', '2024-12-15 17:44:47', NULL, 1, '{LNG_Login} IP ::1', NULL),
(4, 0, 'inventory', 'Delete', '2024-12-15 17:45:15', NULL, 1, '{LNG_Delete} {LNG_Inventory} ID : 3, 2, 1', NULL),
(5, 1, 'index', 'User', '2024-12-15 18:48:27', NULL, 1, '{LNG_Login} IP ::1', NULL),
(6, 0, 'inventory', 'Save', '2024-12-15 18:52:17', NULL, 1, 'ผู้ผลิต', NULL),
(7, 0, 'inventory', 'Save', '2024-12-15 18:52:24', NULL, 1, 'สถานที่เก็บ', NULL),
(8, 0, 'inventory', 'Save', '2024-12-15 18:52:32', NULL, 1, 'SDS', NULL),
(9, 0, 'inventory', 'Save', '2024-12-15 18:52:37', NULL, 1, 'unit', NULL),
(10, 1, 'inventory', 'Save', '2024-12-15 19:05:18', NULL, 1, '{LNG_Equipment} ID : 1', NULL),
(11, 2, 'inventory', 'Save', '2024-12-15 19:37:00', NULL, 1, '{LNG_Equipment} ID : 2', NULL),
(12, 1, 'index', 'User', '2024-12-15 19:49:24', NULL, 1, '{LNG_Login} IP ::1', NULL),
(13, 0, 'inventory', 'Save', '2024-12-15 19:56:53', NULL, 1, 'SDS', NULL),
(14, 0, 'inventory', 'Save', '2024-12-15 19:57:14', NULL, 1, 'สถานที่เก็บ', NULL),
(15, 0, 'inventory', 'Save', '2024-12-15 20:07:39', NULL, 1, 'ผู้ผลิต', NULL),
(16, 0, 'inventory', 'Save', '2024-12-15 20:11:05', NULL, 1, 'unit', NULL),
(17, 0, 'inventory', 'Save', '2024-12-15 20:22:22', NULL, 1, 'unit', NULL),
(18, 0, 'inventory', 'Save', '2024-12-15 20:27:09', NULL, 1, 'unit', NULL),
(19, 1, 'inventory', 'Save', '2024-12-15 20:32:30', NULL, 1, '{LNG_Equipment} ID : 1', NULL),
(20, 1, 'inventory', 'Status', '2024-12-15 20:32:52', NULL, 1, 'ต้องการใช้ ID : 1', NULL),
(21, 1, 'inventory', 'Save', '2024-12-15 20:34:42', NULL, 1, '{LNG_Equipment} ID : 1', NULL),
(22, 2, 'inventory', 'Save', '2024-12-15 20:40:04', NULL, 1, '{LNG_Equipment} ID : 2', NULL),
(23, 1, 'inventory', 'Save', '2024-12-15 20:41:47', NULL, 1, '{LNG_Equipment} ID : 1', NULL),
(24, 2, 'inventory', 'Save', '2024-12-15 20:41:54', NULL, 1, '{LNG_Equipment} ID : 2', NULL),
(25, 1, 'inventory', 'Save', '2024-12-15 20:42:49', NULL, 1, '{LNG_Equipment} ID : 1', NULL),
(26, 3, 'inventory', 'Save', '2024-12-15 20:45:54', NULL, 1, '{LNG_Equipment} ID : 3', NULL),
(27, 2, 'inventory', 'Save', '2024-12-15 20:46:45', NULL, 1, '{LNG_Equipment} ID : 2', NULL),
(28, 1, 'inventory', 'Save', '2024-12-15 20:46:56', NULL, 1, '{LNG_Equipment} ID : 1', NULL),
(29, 3, 'inventory', 'Save', '2024-12-15 20:47:08', NULL, 1, '{LNG_Equipment} ID : 3', NULL),
(30, 4, 'inventory', 'Save', '2024-12-15 20:50:13', NULL, 1, '{LNG_Equipment} ID : 4', NULL),
(31, 1, 'index', 'User', '2024-12-15 20:50:14', NULL, 1, '{LNG_Login} IP ::1', NULL),
(32, 5, 'inventory', 'Save', '2024-12-15 21:00:43', NULL, 1, '{LNG_Equipment} ID : 5', NULL),
(33, 6, 'inventory', 'Save', '2024-12-15 21:02:33', NULL, 1, '{LNG_Equipment} ID : 6', NULL),
(34, 1, 'borrow', 'Save', '2024-12-15 21:10:52', NULL, 1, '{LNG_Borrow} &amp; {LNG_Add Borrow}', '{\"borrower_id\":1,\"borrow_no\":\"B6712-0001\",\"transaction_date\":\"2024-12-15\",\"borrow_date\":\"2024-12-16\",\"id\":1}'),
(35, 1, 'borrow', 'Save', '2024-12-15 21:13:50', NULL, 1, '{LNG_Transaction details} {LNG_Borrow}  ', '{\"borrower_id\":1,\"borrow_no\":\"B6712-0001\",\"transaction_date\":\"2024-12-15\",\"borrow_date\":\"2024-12-16\"}'),
(36, 1, 'borrow', 'Save', '2024-12-15 21:16:43', NULL, 1, '{LNG_Transaction details} {LNG_Borrow}  ', '{\"borrower_id\":1,\"borrow_no\":\"B6712-0001\",\"transaction_date\":\"2024-12-15\",\"borrow_date\":\"2024-12-16\"}'),
(37, 0, 'borrow', 'Delete', '2024-12-15 21:16:59', NULL, 1, '{LNG_Delete} {LNG_Borrow} &amp;  ID : 1', NULL),
(38, 3, 'index', 'User', '2024-12-15 21:18:45', NULL, 3, '{LNG_Create new account} ID : 3', NULL),
(39, 3, 'index', 'User', '2024-12-15 21:18:51', NULL, 3, '{LNG_Login} IP ::1', NULL),
(40, 2, 'borrow', 'Save', '2024-12-15 21:19:09', NULL, 3, '{LNG_Borrow} &amp; {LNG_Add Borrow}', '{\"borrower_id\":3,\"borrow_no\":\"B6712-0002\",\"transaction_date\":\"2024-12-15\",\"borrow_date\":\"2024-12-16\",\"id\":2}'),
(41, 2, 'borrow', 'Status', '2024-12-15 21:19:42', NULL, 1, '1-hexanol ไม่อนุมัติ', NULL),
(42, 2, 'borrow', 'Save', '2024-12-15 21:19:55', NULL, 1, '{LNG_Transaction details} {LNG_Borrow}  ', '{\"borrower_id\":3,\"borrow_no\":\"B6712-0002\",\"transaction_date\":\"2024-12-15\",\"borrow_date\":\"2024-12-16\"}'),
(43, 0, 'borrow', 'Delete', '2024-12-15 21:20:18', NULL, 1, '{LNG_Delete} {LNG_Borrow} ID : 2', NULL),
(44, 3, 'borrow', 'Save', '2024-12-15 21:23:51', 'Array', 1, '{LNG_Borrow} &amp; {LNG_Return} {LNG_Add Borrow}', NULL),
(45, 3, 'borrow', 'Status', '2024-12-15 21:28:42', NULL, 1, '2,6-dichlorophenol indophenol sodium salt อนุมัติ', NULL),
(46, 3, 'borrow', 'Status', '2024-12-15 21:28:47', NULL, 1, '2,6-dichlorophenol indophenol sodium salt ไม่อนุมัติ', NULL),
(47, 3, 'borrow', 'Status', '2024-12-15 21:32:19', NULL, 1, '2,6-dichlorophenol indophenol sodium salt รอตรวจสอบ', NULL),
(48, 3, 'borrow', 'Status', '2024-12-15 21:38:47', NULL, 1, '2,6-dichlorophenol indophenol sodium salt ไม่อนุมัติ', NULL),
(49, 3, 'borrow', 'Save', '2024-12-15 21:38:50', NULL, 1, '{LNG_Transaction details} {LNG_Borrow}  ', '{\"borrower_id\":1,\"borrow_no\":\"B6712-0003\",\"transaction_date\":\"2024-12-15\",\"borrow_date\":\"2024-12-15\"}'),
(50, 0, 'borrow', 'Delete', '2024-12-15 21:39:03', NULL, 1, '{LNG_Delete} {LNG_Borrow} ID : 3', NULL),
(51, 1, 'index', 'User', '2024-12-15 21:52:00', NULL, 1, '{LNG_Login} IP ::1', NULL),
(52, 1, 'index', 'User', '2024-12-15 22:52:04', NULL, 1, '{LNG_Login} IP ::1', NULL),
(53, 1, 'inventory', 'Save', '2024-12-15 23:07:10', NULL, 1, '{LNG_Equipment} ID : 1', NULL),
(54, 7, 'inventory', 'Save', '2024-12-15 23:09:57', NULL, 1, '{LNG_Equipment} ID : 7', NULL),
(55, 8, 'inventory', 'Save', '2024-12-15 23:16:12', NULL, 1, '{LNG_Equipment} ID : 8', NULL),
(56, 9, 'inventory', 'Save', '2024-12-15 23:17:43', NULL, 1, '{LNG_Equipment} ID : 9', NULL),
(57, 0, 'index', 'Save', '2024-12-15 23:18:45', NULL, 1, '{LNG_General site settings}', NULL),
(58, 0, 'index', 'Save', '2024-12-15 23:19:27', NULL, 1, '{LNG_General site settings}', NULL),
(59, 10, 'inventory', 'Save', '2024-12-15 23:24:52', NULL, 1, '{LNG_Equipment} ID : 10', NULL),
(60, 11, 'inventory', 'Save', '2024-12-15 23:25:56', NULL, 1, '{LNG_Equipment} ID : 11', NULL),
(61, 12, 'inventory', 'Save', '2024-12-15 23:27:05', NULL, 1, '{LNG_Equipment} ID : 12', NULL),
(62, 13, 'inventory', 'Save', '2024-12-15 23:28:47', NULL, 1, '{LNG_Equipment} ID : 13', NULL),
(63, 14, 'inventory', 'Save', '2024-12-15 23:30:10', NULL, 1, '{LNG_Equipment} ID : 14', NULL),
(64, 15, 'inventory', 'Save', '2024-12-15 23:31:28', NULL, 1, '{LNG_Equipment} ID : 15', NULL),
(65, 16, 'inventory', 'Save', '2024-12-15 23:32:49', NULL, 1, '{LNG_Equipment} ID : 16', NULL),
(66, 17, 'inventory', 'Save', '2024-12-15 23:35:01', NULL, 1, '{LNG_Equipment} ID : 17', NULL),
(67, 18, 'inventory', 'Save', '2024-12-15 23:37:04', NULL, 1, '{LNG_Equipment} ID : 18', NULL),
(68, 19, 'inventory', 'Save', '2024-12-15 23:38:23', NULL, 1, '{LNG_Equipment} ID : 19', NULL),
(69, 20, 'inventory', 'Save', '2024-12-15 23:40:43', NULL, 1, '{LNG_Equipment} ID : 20', NULL),
(70, 21, 'inventory', 'Save', '2024-12-15 23:43:21', NULL, 1, '{LNG_Equipment} ID : 21', NULL),
(71, 22, 'inventory', 'Save', '2024-12-15 23:44:34', NULL, 1, '{LNG_Equipment} ID : 22', NULL),
(72, 23, 'inventory', 'Save', '2024-12-15 23:45:29', NULL, 1, '{LNG_Equipment} ID : 23', NULL),
(73, 24, 'inventory', 'Save', '2024-12-15 23:46:29', NULL, 1, '{LNG_Equipment} ID : 24', NULL),
(74, 25, 'inventory', 'Save', '2024-12-15 23:47:23', NULL, 1, '{LNG_Equipment} ID : 25', NULL),
(75, 26, 'inventory', 'Save', '2024-12-15 23:48:22', NULL, 1, '{LNG_Equipment} ID : 26', NULL),
(76, 1, 'index', 'User', '2024-12-15 23:52:04', NULL, 1, '{LNG_Login} IP ::1', NULL),
(77, 4, 'index', 'User', '2024-12-15 23:59:37', NULL, 4, '{LNG_Create new account} ID : 4', NULL),
(78, 5, 'index', 'User', '2024-12-16 00:01:26', NULL, 5, '{LNG_Create new account} ID : 5', NULL),
(79, 5, 'index', 'User', '2024-12-16 00:02:04', NULL, 5, '{LNG_Login} IP ::1', NULL),
(80, 4, 'borrow', 'Save', '2024-12-16 00:03:29', NULL, 5, '{LNG_Borrow} &amp; {LNG_Add Borrow}', '{\"borrower_id\":5,\"borrow_no\":\"B6712-0004\",\"transaction_date\":\"2024-12-16\",\"borrow_date\":\"2024-12-16\",\"id\":4}'),
(81, 5, 'borrow', 'Save', '2024-12-16 00:04:50', NULL, 5, '{LNG_Borrow} &amp; {LNG_Add Borrow}', '{\"borrower_id\":5,\"borrow_no\":\"B6712-0005\",\"transaction_date\":\"2024-12-16\",\"borrow_date\":\"2024-12-18\",\"id\":5}'),
(82, 6, 'borrow', 'Save', '2024-12-16 00:05:05', NULL, 5, '{LNG_Borrow} &amp; {LNG_Add Borrow}', '{\"borrower_id\":5,\"borrow_no\":\"B6712-0006\",\"transaction_date\":\"2024-12-16\",\"borrow_date\":\"2024-12-16\",\"id\":6}'),
(83, 6, 'index', 'User', '2024-12-16 00:06:26', NULL, 6, '{LNG_Create new account} ID : 6', NULL),
(84, 6, 'index', 'User', '2024-12-16 00:06:57', NULL, 6, '{LNG_Login} IP ::1', NULL),
(85, 6, 'index', 'User', '2024-12-16 00:13:06', NULL, 6, '{LNG_Login} IP ::1', NULL),
(86, 0, 'index', 'Save', '2024-12-16 01:03:08', NULL, 7, '{LNG_General site settings}', NULL),
(87, 0, 'index', 'User', '2024-12-16 01:43:45', NULL, 7, '{LNG_Update permission} ID : 6', NULL),
(88, 0, 'index', 'User', '2024-12-16 01:43:48', NULL, 7, '{LNG_Update permission} ID : 6', NULL),
(89, 0, 'index', 'User', '2024-12-16 01:43:49', NULL, 7, '{LNG_Update permission} ID : 6', NULL),
(90, 0, 'index', 'Save', '2024-12-16 01:44:21', NULL, 7, '{LNG_The members status of the site}', NULL),
(91, 0, 'index', 'Save', '2024-12-16 01:44:29', NULL, 7, '{LNG_The members status of the site}', NULL),
(92, 0, 'index', 'Save', '2024-12-16 01:44:40', NULL, 7, '{LNG_The members status of the site}', NULL),
(93, 0, 'index', 'Save', '2024-12-16 01:44:44', NULL, 7, '{LNG_The members status of the site}', NULL),
(94, 7, 'index', 'User', '2024-12-16 01:44:57', NULL, 7, '{LNG_Editing your account} ID : 6', NULL),
(95, 1, 'index', 'User', '2024-12-16 02:33:01', NULL, 1, '{LNG_Login} IP ::1', NULL),
(96, 0, 'inventory', 'Save', '2024-12-16 03:31:36', NULL, 1, 'unit', NULL),
(97, 1, 'inventory', 'Save', '2024-12-16 03:36:30', NULL, 1, '{LNG_Equipment} ID : 1', NULL),
(98, 1, 'index', 'User', '2024-12-16 03:36:31', NULL, 1, '{LNG_Login} IP ::1', NULL),
(99, 1, 'inventory', 'Save', '2024-12-16 03:38:00', NULL, 1, '{LNG_Equipment} ID : 1', NULL),
(100, 2, 'inventory', 'Save', '2024-12-16 03:39:22', NULL, 1, '{LNG_Equipment} ID : 2', NULL),
(101, 3, 'inventory', 'Save', '2024-12-16 03:40:38', NULL, 1, '{LNG_Equipment} ID : 3', NULL),
(102, 4, 'inventory', 'Save', '2024-12-16 03:41:48', NULL, 1, '{LNG_Equipment} ID : 4', NULL),
(103, 5, 'inventory', 'Save', '2024-12-16 03:44:03', NULL, 1, '{LNG_Equipment} ID : 5', NULL),
(104, 6, 'inventory', 'Save', '2024-12-16 03:45:08', NULL, 1, '{LNG_Equipment} ID : 6', NULL),
(105, 7, 'inventory', 'Save', '2024-12-16 03:46:27', NULL, 1, '{LNG_Equipment} ID : 7', NULL),
(106, 8, 'inventory', 'Save', '2024-12-16 03:47:37', NULL, 1, '{LNG_Equipment} ID : 8', NULL),
(107, 9, 'inventory', 'Save', '2024-12-16 03:48:32', NULL, 1, '{LNG_Equipment} ID : 9', NULL),
(108, 10, 'inventory', 'Save', '2024-12-16 03:49:21', NULL, 1, '{LNG_Equipment} ID : 10', NULL),
(109, 11, 'inventory', 'Save', '2024-12-16 03:50:11', NULL, 1, '{LNG_Equipment} ID : 11', NULL),
(110, 12, 'inventory', 'Save', '2024-12-16 03:51:15', NULL, 1, '{LNG_Equipment} ID : 12', NULL),
(111, 13, 'inventory', 'Save', '2024-12-16 03:52:04', NULL, 1, '{LNG_Equipment} ID : 13', NULL),
(112, 14, 'inventory', 'Save', '2024-12-16 03:53:01', NULL, 1, '{LNG_Equipment} ID : 14', NULL),
(113, 15, 'inventory', 'Save', '2024-12-16 03:54:08', NULL, 1, '{LNG_Equipment} ID : 15', NULL),
(114, 16, 'inventory', 'Save', '2024-12-16 03:54:57', NULL, 1, '{LNG_Equipment} ID : 16', NULL),
(115, 16, 'inventory', 'Save', '2024-12-16 03:55:11', NULL, 1, '{LNG_Equipment} ID : 16', NULL),
(116, 17, 'inventory', 'Save', '2024-12-16 03:56:11', NULL, 1, '{LNG_Equipment} ID : 17', NULL),
(117, 14, 'inventory', 'Save', '2024-12-16 03:58:09', NULL, 1, '{LNG_Equipment} ID : 14', NULL),
(118, 15, 'inventory', 'Save', '2024-12-16 03:59:41', NULL, 1, '{LNG_Equipment} ID : 15', NULL),
(119, 18, 'inventory', 'Save', '2024-12-16 04:00:46', NULL, 1, '{LNG_Equipment} ID : 18', NULL),
(120, 19, 'inventory', 'Save', '2024-12-16 04:02:58', NULL, 1, '{LNG_Equipment} ID : 19', NULL),
(121, 20, 'inventory', 'Save', '2024-12-16 04:03:52', NULL, 1, '{LNG_Equipment} ID : 20', NULL),
(122, 21, 'inventory', 'Save', '2024-12-16 04:04:58', NULL, 1, '{LNG_Equipment} ID : 21', NULL),
(123, 22, 'inventory', 'Save', '2024-12-16 04:06:00', NULL, 1, '{LNG_Equipment} ID : 22', NULL),
(124, 23, 'inventory', 'Save', '2024-12-16 04:06:54', NULL, 1, '{LNG_Equipment} ID : 23', NULL),
(125, 24, 'inventory', 'Save', '2024-12-16 04:07:41', NULL, 1, '{LNG_Equipment} ID : 24', NULL),
(126, 25, 'inventory', 'Save', '2024-12-16 04:08:39', NULL, 1, '{LNG_Equipment} ID : 25', NULL),
(127, 5, 'index', 'User', '2024-12-16 04:11:47', NULL, 5, '{LNG_Create new account} ID : 5', NULL),
(128, 0, 'index', 'User', '2024-12-16 04:12:52', NULL, 1, '{LNG_Email address verification} ID : 5', NULL),
(129, 5, 'index', 'User', '2024-12-16 04:13:16', NULL, 5, '{LNG_Login} IP ::1', NULL),
(130, 7, 'borrow', 'Save', '2024-12-16 04:14:29', NULL, 5, '{LNG_Borrow} &amp; {LNG_Add Borrow}', '{\"borrower_id\":5,\"borrow_no\":\"B6712-0007\",\"transaction_date\":\"2024-12-16\",\"borrow_date\":\"2024-12-18\",\"id\":7}'),
(131, 8, 'borrow', 'Save', '2024-12-16 04:15:03', NULL, 5, '{LNG_Borrow} &amp; {LNG_Add Borrow}', '{\"borrower_id\":5,\"borrow_no\":\"B6712-0008\",\"transaction_date\":\"2024-12-16\",\"borrow_date\":\"2024-12-16\",\"id\":8}'),
(132, 9, 'borrow', 'Save', '2024-12-16 04:15:23', NULL, 5, '{LNG_Borrow} &amp; {LNG_Add Borrow}', '{\"borrower_id\":5,\"borrow_no\":\"B6712-0009\",\"transaction_date\":\"2024-12-16\",\"borrow_date\":\"2024-12-16\",\"id\":9}'),
(133, 10, 'borrow', 'Save', '2024-12-16 04:15:56', NULL, 5, '{LNG_Borrow} &amp; {LNG_Add Borrow}', '{\"borrower_id\":5,\"borrow_no\":\"B6712-0010\",\"transaction_date\":\"2024-12-16\",\"borrow_date\":\"2024-12-18\",\"id\":10}'),
(134, 11, 'borrow', 'Save', '2024-12-16 04:16:23', NULL, 5, '{LNG_Borrow} &amp; {LNG_Add Borrow}', '{\"borrower_id\":5,\"borrow_no\":\"B6712-0011\",\"transaction_date\":\"2024-12-16\",\"borrow_date\":\"2024-12-16\",\"id\":11}'),
(135, 10, 'borrow', 'Status', '2024-12-16 04:20:29', NULL, 1, 'ACETIC ACID, GLACIAL รอตรวจสอบ', NULL),
(136, 10, 'borrow', 'Status', '2024-12-16 04:20:34', NULL, 1, 'ACETIC ACID, GLACIAL อนุมัติ', NULL),
(137, 10, 'borrow', 'Save', '2024-12-16 04:20:36', NULL, 1, '{LNG_Transaction details} {LNG_Borrow}  ', '{\"borrower_id\":5,\"borrow_no\":\"B6712-0010\",\"transaction_date\":\"2024-12-16\",\"borrow_date\":\"2024-12-18\"}'),
(138, 7, 'borrow', 'Status', '2024-12-16 04:20:57', NULL, 1, 'Ammonia solution รอตรวจสอบ', NULL),
(139, 7, 'borrow', 'Status', '2024-12-16 04:21:02', NULL, 1, 'Ammonia solution อนุมัติ', NULL),
(140, 7, 'borrow', 'Save', '2024-12-16 04:21:03', NULL, 1, '{LNG_Transaction details} {LNG_Borrow}  ', '{\"borrower_id\":5,\"borrow_no\":\"B6712-0007\",\"transaction_date\":\"2024-12-16\",\"borrow_date\":\"2024-12-18\"}'),
(141, 8, 'borrow', 'Status', '2024-12-16 04:21:22', NULL, 1, '2,6-dichlorophenol indophenol sodium salt ไม่อนุมัติ', NULL),
(142, 8, 'borrow', 'Save', '2024-12-16 04:21:24', NULL, 1, '{LNG_Transaction details} {LNG_Borrow}  ', '{\"borrower_id\":5,\"borrow_no\":\"B6712-0008\",\"transaction_date\":\"2024-12-16\",\"borrow_date\":\"2024-12-16\"}'),
(143, 1, 'index', 'User', '2024-12-16 08:22:37', NULL, 1, '{LNG_Login} IP ::1', NULL),
(144, 5, 'index', 'User', '2024-12-16 08:22:48', NULL, 5, '{LNG_Login} IP ::1', NULL),
(145, 1, 'index', 'User', '2024-12-16 08:24:44', NULL, 1, '{LNG_Create new account} ID : 6', NULL),
(146, 1, 'index', 'User', '2024-12-16 08:24:58', NULL, 1, '{LNG_Editing your account} ID : 6', NULL),
(147, 6, 'index', 'User', '2024-12-16 08:25:17', NULL, 6, '{LNG_Login} IP ::1', NULL),
(148, 26, 'inventory', 'Save', '2024-12-16 08:31:52', NULL, 6, '{LNG_Equipment} ID : 26', NULL),
(149, 27, 'inventory', 'Save', '2024-12-16 08:36:12', NULL, 6, '{LNG_Equipment} ID : 27', NULL),
(150, 28, 'inventory', 'Save', '2024-12-16 08:37:57', NULL, 6, '{LNG_Equipment} ID : 28', NULL),
(151, 29, 'inventory', 'Save', '2024-12-16 08:39:53', NULL, 6, '{LNG_Equipment} ID : 29', NULL),
(152, 30, 'inventory', 'Save', '2024-12-16 08:41:48', NULL, 6, '{LNG_Equipment} ID : 30', NULL),
(153, 31, 'inventory', 'Save', '2024-12-16 08:43:15', NULL, 6, '{LNG_Equipment} ID : 31', NULL),
(154, 32, 'inventory', 'Save', '2024-12-16 08:44:43', NULL, 6, '{LNG_Equipment} ID : 32', NULL),
(155, 33, 'inventory', 'Save', '2024-12-16 08:46:16', NULL, 6, '{LNG_Equipment} ID : 33', NULL),
(156, 34, 'inventory', 'Save', '2024-12-16 08:48:00', NULL, 6, '{LNG_Equipment} ID : 34', NULL),
(157, 35, 'inventory', 'Save', '2024-12-16 08:50:19', NULL, 6, '{LNG_Equipment} ID : 35', NULL),
(158, 36, 'inventory', 'Save', '2024-12-16 08:51:54', NULL, 6, '{LNG_Equipment} ID : 36', NULL),
(159, 37, 'inventory', 'Save', '2024-12-16 08:53:30', NULL, 6, '{LNG_Equipment} ID : 37', NULL),
(160, 38, 'inventory', 'Save', '2024-12-16 08:54:52', NULL, 6, '{LNG_Equipment} ID : 38', NULL),
(161, 39, 'inventory', 'Save', '2024-12-16 08:58:13', NULL, 6, '{LNG_Equipment} ID : 39', NULL),
(162, 40, 'inventory', 'Save', '2024-12-16 08:59:45', NULL, 6, '{LNG_Equipment} ID : 40', NULL),
(163, 41, 'inventory', 'Save', '2024-12-16 09:01:18', NULL, 6, '{LNG_Equipment} ID : 41', NULL),
(164, 42, 'inventory', 'Save', '2024-12-16 09:02:38', NULL, 6, '{LNG_Equipment} ID : 42', NULL),
(165, 43, 'inventory', 'Save', '2024-12-16 09:04:05', NULL, 6, '{LNG_Equipment} ID : 43', NULL),
(166, 44, 'inventory', 'Save', '2024-12-16 09:05:30', NULL, 6, '{LNG_Equipment} ID : 44', NULL),
(167, 45, 'inventory', 'Save', '2024-12-16 09:07:02', NULL, 6, '{LNG_Equipment} ID : 45', NULL),
(168, 46, 'inventory', 'Save', '2024-12-16 09:08:29', NULL, 6, '{LNG_Equipment} ID : 46', NULL),
(169, 47, 'inventory', 'Save', '2024-12-16 09:09:48', NULL, 6, '{LNG_Equipment} ID : 47', NULL),
(170, 48, 'inventory', 'Save', '2024-12-16 09:11:17', NULL, 6, '{LNG_Equipment} ID : 48', NULL),
(171, 49, 'inventory', 'Save', '2024-12-16 09:12:34', NULL, 6, '{LNG_Equipment} ID : 49', NULL),
(172, 50, 'inventory', 'Save', '2024-12-16 09:13:54', NULL, 6, '{LNG_Equipment} ID : 50', NULL),
(173, 51, 'inventory', 'Save', '2024-12-16 09:16:05', NULL, 6, '{LNG_Equipment} ID : 51', NULL),
(174, 52, 'inventory', 'Save', '2024-12-16 09:18:02', NULL, 6, '{LNG_Equipment} ID : 52', NULL),
(175, 53, 'inventory', 'Save', '2024-12-16 09:20:07', NULL, 6, '{LNG_Equipment} ID : 53', NULL),
(176, 54, 'inventory', 'Save', '2024-12-16 09:21:29', NULL, 6, '{LNG_Equipment} ID : 54', NULL),
(177, 55, 'inventory', 'Save', '2024-12-16 09:23:05', NULL, 6, '{LNG_Equipment} ID : 55', NULL),
(178, 56, 'inventory', 'Save', '2024-12-16 09:24:41', NULL, 6, '{LNG_Equipment} ID : 56', NULL),
(179, 57, 'inventory', 'Save', '2024-12-16 09:25:59', NULL, 6, '{LNG_Equipment} ID : 57', NULL),
(180, 6, 'index', 'User', '2024-12-16 09:26:01', NULL, 6, '{LNG_Login} IP ::1', NULL),
(181, 58, 'inventory', 'Save', '2024-12-16 09:27:56', NULL, 6, '{LNG_Equipment} ID : 58', NULL),
(182, 59, 'inventory', 'Save', '2024-12-16 09:29:18', NULL, 6, '{LNG_Equipment} ID : 59', NULL),
(183, 60, 'inventory', 'Save', '2024-12-16 09:30:32', NULL, 6, '{LNG_Equipment} ID : 60', NULL),
(184, 61, 'inventory', 'Save', '2024-12-16 09:32:01', NULL, 6, '{LNG_Equipment} ID : 61', NULL),
(185, 62, 'inventory', 'Save', '2024-12-16 09:33:17', NULL, 6, '{LNG_Equipment} ID : 62', NULL),
(186, 63, 'inventory', 'Save', '2024-12-16 09:34:46', NULL, 6, '{LNG_Equipment} ID : 63', NULL),
(187, 64, 'inventory', 'Save', '2024-12-16 09:36:10', NULL, 6, '{LNG_Equipment} ID : 64', NULL),
(188, 65, 'inventory', 'Save', '2024-12-16 09:37:24', NULL, 6, '{LNG_Equipment} ID : 65', NULL),
(189, 66, 'inventory', 'Save', '2024-12-16 09:38:48', NULL, 6, '{LNG_Equipment} ID : 66', NULL),
(190, 67, 'inventory', 'Save', '2024-12-16 09:40:07', NULL, 6, '{LNG_Equipment} ID : 67', NULL),
(191, 68, 'inventory', 'Save', '2024-12-16 09:41:19', NULL, 6, '{LNG_Equipment} ID : 68', NULL),
(192, 69, 'inventory', 'Save', '2024-12-16 09:42:35', NULL, 6, '{LNG_Equipment} ID : 69', NULL),
(193, 70, 'inventory', 'Save', '2024-12-16 09:43:53', NULL, 6, '{LNG_Equipment} ID : 70', NULL),
(194, 71, 'inventory', 'Save', '2024-12-16 09:45:07', NULL, 6, '{LNG_Equipment} ID : 71', NULL),
(195, 72, 'inventory', 'Save', '2024-12-16 09:46:24', NULL, 6, '{LNG_Equipment} ID : 72', NULL),
(196, 73, 'inventory', 'Save', '2024-12-16 09:47:45', NULL, 6, '{LNG_Equipment} ID : 73', NULL),
(197, 74, 'inventory', 'Save', '2024-12-16 09:49:05', NULL, 6, '{LNG_Equipment} ID : 74', NULL),
(198, 75, 'inventory', 'Save', '2024-12-16 09:50:20', NULL, 6, '{LNG_Equipment} ID : 75', NULL),
(199, 76, 'inventory', 'Save', '2024-12-16 09:51:50', NULL, 6, '{LNG_Equipment} ID : 76', NULL),
(200, 77, 'inventory', 'Save', '2024-12-16 09:53:05', NULL, 6, '{LNG_Equipment} ID : 77', NULL),
(201, 78, 'inventory', 'Save', '2024-12-16 09:54:24', NULL, 6, '{LNG_Equipment} ID : 78', NULL),
(202, 79, 'inventory', 'Save', '2024-12-16 09:55:43', NULL, 6, '{LNG_Equipment} ID : 79', NULL),
(203, 80, 'inventory', 'Save', '2024-12-16 09:57:11', NULL, 6, '{LNG_Equipment} ID : 80', NULL),
(204, 81, 'inventory', 'Save', '2024-12-16 09:58:29', NULL, 6, '{LNG_Equipment} ID : 81', NULL),
(205, 82, 'inventory', 'Save', '2024-12-16 09:59:44', NULL, 6, '{LNG_Equipment} ID : 82', NULL),
(206, 83, 'inventory', 'Save', '2024-12-16 10:01:03', NULL, 6, '{LNG_Equipment} ID : 83', NULL),
(207, 84, 'inventory', 'Save', '2024-12-16 10:02:35', NULL, 6, '{LNG_Equipment} ID : 84', NULL),
(208, 85, 'inventory', 'Save', '2024-12-16 10:03:51', NULL, 6, '{LNG_Equipment} ID : 85', NULL),
(209, 86, 'inventory', 'Save', '2024-12-16 10:05:10', NULL, 6, '{LNG_Equipment} ID : 86', NULL),
(210, 87, 'inventory', 'Save', '2024-12-16 10:06:34', NULL, 6, '{LNG_Equipment} ID : 87', NULL),
(211, 88, 'inventory', 'Save', '2024-12-16 10:07:51', NULL, 6, '{LNG_Equipment} ID : 88', NULL),
(212, 89, 'inventory', 'Save', '2024-12-16 10:09:13', NULL, 6, '{LNG_Equipment} ID : 89', NULL),
(213, 90, 'inventory', 'Save', '2024-12-16 10:10:34', NULL, 6, '{LNG_Equipment} ID : 90', NULL),
(214, 91, 'inventory', 'Save', '2024-12-16 10:11:58', NULL, 6, '{LNG_Equipment} ID : 91', NULL),
(215, 92, 'inventory', 'Save', '2024-12-16 10:13:24', NULL, 6, '{LNG_Equipment} ID : 92', NULL),
(216, 93, 'inventory', 'Save', '2024-12-16 10:14:44', NULL, 6, '{LNG_Equipment} ID : 93', NULL),
(217, 94, 'inventory', 'Save', '2024-12-16 10:16:30', NULL, 6, '{LNG_Equipment} ID : 94', NULL),
(218, 95, 'inventory', 'Save', '2024-12-16 10:18:20', NULL, 6, '{LNG_Equipment} ID : 95', NULL),
(219, 94, 'inventory', 'Save', '2024-12-16 10:18:51', NULL, 6, '{LNG_Serial/Registration No.} ID : 94', NULL),
(220, 95, 'inventory', 'Save', '2024-12-16 10:19:12', NULL, 6, '{LNG_Serial/Registration No.} ID : 95', NULL),
(221, 96, 'inventory', 'Save', '2024-12-16 10:20:35', NULL, 6, '{LNG_Equipment} ID : 96', NULL),
(222, 6, 'index', 'User', '2024-12-16 10:29:15', NULL, 6, '{LNG_Login} IP ::1', NULL),
(223, 6, 'index', 'User', '2024-12-16 14:55:12', NULL, 6, '{LNG_Login} IP ::1', NULL),
(224, 5, 'index', 'User', '2024-12-16 15:34:35', NULL, 5, '{LNG_Login} IP ::1', NULL),
(225, 1, 'index', 'User', '2024-12-16 15:39:36', NULL, 1, '{LNG_Login} IP ::1', NULL),
(226, 3, 'index', 'User', '2024-12-16 15:47:34', NULL, 3, '{LNG_Login} IP ::1', NULL),
(227, 12, 'borrow', 'Save', '2024-12-16 15:49:17', NULL, 3, '{LNG_Borrow} &amp; {LNG_Add Borrow}', '{\"borrower_id\":3,\"borrow_no\":\"B6712-0012\",\"transaction_date\":\"2024-12-16\",\"borrow_date\":\"2024-12-30\",\"id\":12}'),
(228, 13, 'borrow', 'Save', '2024-12-16 15:51:50', NULL, 3, '{LNG_Borrow} &amp; {LNG_Add Borrow}', '{\"borrower_id\":3,\"borrow_no\":\"B6712-0013\",\"transaction_date\":\"2024-12-16\",\"borrow_date\":\"2024-12-19\",\"id\":13}'),
(229, 12, 'borrow', 'Status', '2024-12-16 15:54:17', NULL, 6, 'Dichlorofluorescein รอตรวจสอบ', NULL),
(230, 12, 'borrow', 'Status', '2024-12-16 15:54:26', NULL, 6, '2,6-dichlorophenol indophenol sodium salt รอตรวจสอบ', NULL),
(231, 12, 'borrow', 'Status', '2024-12-16 15:54:35', NULL, 6, 'Dichlorofluorescein อนุมัติ', NULL),
(232, 12, 'borrow', 'Status', '2024-12-16 15:54:42', NULL, 6, '2,6-dichlorophenol indophenol sodium salt อนุมัติ', NULL),
(233, 12, 'borrow', 'Save', '2024-12-16 15:54:45', NULL, 6, '{LNG_Transaction details} {LNG_Borrow}  ', '{\"borrower_id\":3,\"borrow_no\":\"B6712-0012\",\"transaction_date\":\"2024-12-16\",\"borrow_date\":\"2024-12-30\"}'),
(234, 6, 'index', 'User', '2024-12-16 15:55:17', NULL, 6, '{LNG_Login} IP ::1', NULL),
(235, 13, 'borrow', 'Status', '2024-12-16 15:55:33', NULL, 6, 'ERIOCHROME BLACK T รอตรวจสอบ', NULL),
(236, 13, 'borrow', 'Status', '2024-12-16 15:55:59', NULL, 6, '2,6-dichlorophenol indophenol sodium salt ไม่อนุมัติ', NULL),
(237, 13, 'borrow', 'Status', '2024-12-16 15:56:07', NULL, 6, 'ERIOCHROME BLACK T อนุมัติ', NULL),
(238, 13, 'borrow', 'Status', '2024-12-16 15:56:15', NULL, 6, 'Acetophenone รอตรวจสอบ', NULL),
(239, 13, 'borrow', 'Status', '2024-12-16 15:56:25', NULL, 6, 'Acetophenone อนุมัติ', NULL),
(240, 13, 'borrow', 'Status', '2024-12-16 15:56:34', NULL, 6, 'Diethylamine รอตรวจสอบ', NULL),
(241, 13, 'borrow', 'Status', '2024-12-16 15:56:42', NULL, 6, 'Diethylamine อนุมัติ', NULL),
(242, 13, 'borrow', 'Save', '2024-12-16 15:56:44', NULL, 6, '{LNG_Transaction details} {LNG_Borrow}  ', '{\"borrower_id\":3,\"borrow_no\":\"B6712-0013\",\"transaction_date\":\"2024-12-16\",\"borrow_date\":\"2024-12-19\"}'),
(243, 1, 'index', 'User', '2024-12-16 16:04:15', NULL, 1, '{LNG_Login} IP ::1', NULL),
(244, 7, 'index', 'User', '2024-12-16 16:08:59', NULL, 7, '{LNG_Create new account} ID : 7', NULL),
(245, 1, 'index', 'User', '2024-12-16 16:13:28', NULL, 1, '{LNG_Login} IP ::1', NULL),
(246, 8, 'index', 'User', '2024-12-16 16:13:43', NULL, 8, '{LNG_Create new account} ID : 8', NULL),
(247, 0, 'index', 'User', '2024-12-16 16:14:29', NULL, 1, '{LNG_Email address verification} ID : 8, 7', NULL),
(248, 8, 'index', 'User', '2024-12-16 16:14:30', NULL, 8, '{LNG_Login} IP 10.6.147.88', NULL),
(249, 1, 'index', 'User', '2024-12-16 16:15:15', NULL, 1, '{LNG_Editing your account} ID : 8', NULL),
(250, 14, 'borrow', 'Save', '2024-12-16 16:16:18', NULL, 8, '{LNG_Borrow} &amp; {LNG_Add Borrow}', '{\"borrower_id\":8,\"borrow_no\":\"B6712-0014\",\"transaction_date\":\"2024-12-16\",\"borrow_date\":\"2024-12-16\",\"id\":14}'),
(251, 14, 'borrow', 'Status', '2024-12-16 16:17:33', NULL, 6, 'Zinc Oxide รอตรวจสอบ', NULL),
(252, 14, 'borrow', 'Status', '2024-12-16 16:17:38', NULL, 6, 'Zinc Oxide อนุมัติ', NULL),
(253, 14, 'borrow', 'Save', '2024-12-16 16:17:42', NULL, 6, '{LNG_Transaction details} {LNG_Borrow}  ', '{\"borrower_id\":8,\"borrow_no\":\"B6712-0014\",\"transaction_date\":\"2024-12-16\",\"borrow_date\":\"2024-12-16\"}'),
(254, 14, 'borrow', 'Status', '2024-12-16 16:20:31', NULL, 6, 'Zinc Oxide ไม่อนุมัติ', NULL),
(255, 14, 'borrow', 'Status', '2024-12-16 16:21:00', NULL, 6, 'Zinc Oxide รอตรวจสอบ', NULL),
(256, 14, 'borrow', 'Save', '2024-12-16 16:21:25', NULL, 6, '{LNG_Transaction details} {LNG_Borrow}  ', '{\"borrower_id\":8,\"borrow_no\":\"B6712-0014\",\"transaction_date\":\"2024-12-16\",\"borrow_date\":\"2024-12-16\"}'),
(257, 14, 'borrow', 'Status', '2024-12-16 16:33:49', NULL, 6, 'Zinc Oxide รอตรวจสอบ', NULL),
(258, 14, 'borrow', 'Save', '2024-12-16 16:33:55', NULL, 6, '{LNG_Transaction details} {LNG_Borrow}  ', '{\"borrower_id\":8,\"borrow_no\":\"B6712-0014\",\"transaction_date\":\"2024-12-16\",\"borrow_date\":\"2024-12-16\"}'),
(259, 14, 'borrow', 'Status', '2024-12-16 16:34:43', NULL, 6, 'Zinc Oxide ส่งมอบ', NULL),
(260, 14, 'borrow', 'Save', '2024-12-16 16:34:45', NULL, 6, '{LNG_Transaction details} {LNG_Borrow}  ', '{\"borrower_id\":8,\"borrow_no\":\"B6712-0014\",\"transaction_date\":\"2024-12-16\",\"borrow_date\":\"2024-12-16\"}'),
(261, 15, 'borrow', 'Save', '2024-12-16 16:35:25', NULL, 8, '{LNG_Borrow} &amp; {LNG_Add Borrow}', '{\"borrower_id\":8,\"borrow_no\":\"B6712-0015\",\"transaction_date\":\"2024-12-16\",\"borrow_date\":\"2024-12-16\",\"id\":15}'),
(262, 15, 'borrow', 'Status', '2024-12-16 16:35:41', NULL, 6, 'Titanium dioxide รอตรวจสอบ', NULL),
(263, 15, 'borrow', 'Save', '2024-12-16 16:35:46', NULL, 6, '{LNG_Transaction details} {LNG_Borrow}  ', '{\"borrower_id\":8,\"borrow_no\":\"B6712-0015\",\"transaction_date\":\"2024-12-16\",\"borrow_date\":\"2024-12-16\"}'),
(264, 15, 'borrow', 'Status', '2024-12-16 16:37:07', NULL, 6, 'Titanium dioxide คืน', NULL),
(265, 15, 'borrow', 'Save', '2024-12-16 16:37:12', NULL, 6, '{LNG_Transaction details} {LNG_Borrow}  ', '{\"borrower_id\":8,\"borrow_no\":\"B6712-0015\",\"transaction_date\":\"2024-12-16\",\"borrow_date\":\"2024-12-16\"}'),
(266, 15, 'borrow', 'Status', '2024-12-16 16:37:40', NULL, 6, 'Titanium dioxide รอตรวจสอบ', NULL),
(267, 15, 'borrow', 'Status', '2024-12-16 16:37:45', NULL, 6, 'Titanium dioxide คืน', NULL),
(268, 15, 'borrow', 'Save', '2024-12-16 16:37:48', NULL, 6, '{LNG_Transaction details} {LNG_Borrow}  ', '{\"borrower_id\":8,\"borrow_no\":\"B6712-0015\",\"transaction_date\":\"2024-12-16\",\"borrow_date\":\"2024-12-16\"}'),
(269, 1, 'index', 'User', '2024-12-16 16:41:51', NULL, 1, '{LNG_Editing your account} ID : 1', NULL),
(270, 8, 'index', 'User', '2024-12-16 16:42:33', NULL, 8, '{LNG_Editing your account} ID : 8', NULL),
(271, 11, 'borrow', 'Status', '2024-12-16 17:12:21', NULL, 1, 'Acetamide ไม่ครบ', NULL),
(272, 1, 'index', 'User', '2024-12-16 17:16:45', NULL, 1, '{LNG_Login} IP ::1', NULL),
(273, 11, 'borrow', 'Status', '2024-12-16 17:16:50', NULL, 1, 'Acetamide รอตรวจสอบ', NULL),
(274, 11, 'borrow', 'Save', '2024-12-16 17:16:52', NULL, 1, '{LNG_Transaction details} {LNG_Borrow}  ', '{\"borrower_id\":5,\"borrow_no\":\"B6712-0011\",\"transaction_date\":\"2024-12-16\",\"borrow_date\":\"2024-12-16\"}'),
(275, 6, 'index', 'User', '2024-12-16 17:37:43', NULL, 6, '{LNG_Login} IP ::1', NULL),
(276, 1, 'index', 'User', '2024-12-16 22:59:10', NULL, 1, '{LNG_Login} IP ::1', NULL),
(277, 1, 'index', 'User', '2024-12-17 00:06:23', NULL, 1, '{LNG_Login} IP ::1', NULL),
(278, 6, 'index', 'User', '2024-12-17 00:08:11', NULL, 6, '{LNG_Login} IP ::1', NULL),
(279, 1, 'index', 'User', '2024-12-25 22:03:55', NULL, 1, '{LNG_Login} IP ::1', NULL),
(280, 0, 'index', 'Save', '2024-12-25 22:05:05', NULL, 1, '{LNG_Module}', NULL),
(281, 0, 'index', 'Save', '2024-12-25 22:05:06', NULL, 1, '{LNG_Module}', NULL),
(282, 1, 'index', 'User', '2024-12-25 22:15:17', NULL, 1, '{LNG_Login} IP ::1', NULL),
(283, 1, 'index', 'User', '2024-12-25 22:15:48', NULL, 1, '{LNG_Login} IP ::1', NULL),
(284, 1, 'index', 'User', '2024-12-25 23:37:57', NULL, 1, '{LNG_Login} IP ::1', NULL),
(285, 1, 'index', 'User', '2024-12-25 23:47:58', NULL, 1, '{LNG_Login} IP ::1', NULL),
(286, 1, 'index', 'User', '2024-12-27 20:36:27', NULL, 1, '{LNG_Login} IP ::1', NULL),
(287, 11, 'borrow', 'Status', '2024-12-27 20:37:43', NULL, 1, 'Acetamide อนุมัติ', NULL),
(288, 11, 'borrow', 'Status', '2024-12-27 20:37:56', NULL, 1, 'Acetamide รอตรวจสอบ', NULL),
(289, 11, 'borrow', 'Status', '2024-12-27 20:39:20', NULL, 1, 'Acetamide รอตรวจสอบ', NULL),
(290, 11, 'borrow', 'Status', '2024-12-27 20:39:25', NULL, 1, 'Acetamide รอตรวจสอบ', NULL),
(291, 11, 'borrow', 'Status', '2024-12-27 20:39:30', NULL, 1, 'Acetamide อนุมัติ', NULL),
(292, 11, 'borrow', 'Save', '2024-12-27 20:39:32', NULL, 1, '{LNG_Transaction details} {LNG_Borrow}  ', '{\"borrower_id\":5,\"borrow_no\":\"B6712-0011\",\"transaction_date\":\"2024-12-16\",\"borrow_date\":\"2024-12-16\"}'),
(293, 11, 'borrow', 'Status', '2024-12-27 20:42:46', NULL, 1, 'Acetamide ส่งมอบ', NULL),
(294, 11, 'borrow', 'Save', '2024-12-27 20:42:48', NULL, 1, '{LNG_Transaction details} {LNG_Borrow}  ', '{\"borrower_id\":5,\"borrow_no\":\"B6712-0011\",\"transaction_date\":\"2024-12-16\",\"borrow_date\":\"2024-12-16\"}'),
(295, 11, 'borrow', 'Status', '2024-12-27 20:43:15', NULL, 1, 'Acetaldehyde รอตรวจสอบ', NULL),
(296, 11, 'borrow', 'Status', '2024-12-27 20:49:46', NULL, 1, 'Acetaldehyde รอตรวจสอบ', NULL),
(297, 11, 'borrow', 'Status', '2024-12-27 20:49:51', NULL, 1, 'Acetaldehyde อนุมัติ', NULL),
(298, 11, 'borrow', 'Save', '2024-12-27 20:50:10', NULL, 1, '{LNG_Transaction details} {LNG_Borrow} &amp; {LNG_Return}', '{\"borrower_id\":5,\"borrow_no\":\"B6712-0011\",\"transaction_date\":\"2024-12-16\",\"borrow_date\":\"2024-12-16\",\"return_date\":null}'),
(299, 11, 'borrow', 'Status', '2024-12-27 20:50:24', NULL, 1, 'Acetaldehyde ส่งมอบ', NULL),
(300, 11, 'borrow', 'Save', '2024-12-27 20:50:25', NULL, 1, '{LNG_Transaction details} {LNG_Borrow} &amp; {LNG_Return}', '{\"borrower_id\":5,\"borrow_no\":\"B6712-0011\",\"transaction_date\":\"2024-12-16\",\"borrow_date\":\"2024-12-16\",\"return_date\":null}'),
(301, 9, 'borrow', 'Status', '2024-12-27 20:54:31', NULL, 1, 'Acetaldehyde อนุมัติ', NULL),
(302, 9, 'borrow', 'Save', '2024-12-27 20:54:33', NULL, 1, '{LNG_Transaction details} {LNG_Borrow} &amp; {LNG_Return}', '{\"borrower_id\":5,\"borrow_no\":\"B6712-0009\",\"transaction_date\":\"2024-12-16\",\"borrow_date\":\"2024-12-16\",\"return_date\":null}'),
(303, 12, 'borrow', 'Status', '2024-12-27 20:54:52', NULL, 1, 'Dichlorofluorescein ส่งมอบ', NULL),
(304, 12, 'borrow', 'Status', '2024-12-27 20:54:55', NULL, 1, '2,6-dichlorophenol indophenol sodium salt ส่งมอบ', NULL),
(305, 12, 'borrow', 'Save', '2024-12-27 20:54:56', NULL, 1, '{LNG_Transaction details} {LNG_Borrow} &amp; {LNG_Return}', '{\"borrower_id\":3,\"borrow_no\":\"B6712-0012\",\"transaction_date\":\"2024-12-16\",\"borrow_date\":\"2024-12-30\",\"return_date\":null}'),
(306, 1, 'index', 'User', '2025-01-05 13:04:16', NULL, 1, '{LNG_Login} IP ::1', NULL),
(307, 16, 'borrow', 'Save', '2025-01-05 13:31:31', NULL, 1, '{LNG_Borrow} &amp; {LNG_Add Borrow}', '{\"borrower_id\":1,\"borrow_no\":\"B6801-0001\",\"transaction_date\":\"2025-01-05\",\"borrow_date\":\"2025-01-05\",\"id\":16}'),
(308, 0, 'borrow', 'Delete', '2025-01-05 13:31:57', NULL, 1, '{LNG_Delete} {LNG_Borrow} &amp;  ID : 16', NULL),
(309, 17, 'borrow', 'Save', '2025-01-05 13:37:22', NULL, 1, '{LNG_Borrow} &amp; {LNG_Add Borrow}', '{\"borrower_id\":1,\"borrow_no\":\"B6801-0002\",\"transaction_date\":\"2025-01-05\",\"borrow_date\":\"2025-01-05\",\"id\":17}'),
(310, 1, 'index', 'User', '2025-01-05 14:04:28', NULL, 1, '{LNG_Login} IP ::1', NULL),
(311, 18, 'borrow', 'Save', '2025-01-05 14:11:05', NULL, 1, '{LNG_Borrow} &amp; {LNG_Add Borrow}', '{\"borrower_id\":1,\"borrow_no\":\"B6801-0003\",\"transaction_date\":\"2025-01-05\",\"borrow_date\":\"2025-01-05\",\"id\":18}'),
(312, 0, 'borrow', 'Delete', '2025-01-05 14:11:16', NULL, 1, '{LNG_Delete} {LNG_Borrow} &amp; {LNG_Return} ID : 18', NULL),
(313, 0, 'borrow', 'Delete', '2025-01-05 14:11:41', NULL, 1, '{LNG_Delete} {LNG_Borrow} &amp; {LNG_Return} ID : 17', NULL),
(314, 19, 'borrow', 'Save', '2025-01-05 14:12:05', NULL, 1, '{LNG_Borrow} &amp; {LNG_Add Borrow}', '{\"borrower_id\":1,\"borrow_no\":\"B6801-0004\",\"transaction_date\":\"2025-01-05\",\"borrow_date\":\"2025-01-05\",\"id\":19}'),
(315, 0, 'index', 'Save', '2025-01-05 14:20:18', NULL, 1, '{LNG_Module}', NULL),
(316, 0, 'index', 'Save', '2025-01-05 14:20:19', NULL, 1, '{LNG_Module}', NULL),
(317, 0, 'borrow', 'Delete', '2025-01-05 14:42:51', NULL, 1, '{LNG_Delete} {LNG_Borrow} &amp; {LNG_Return} ID : 19', NULL),
(318, 20, 'borrow', 'Save', '2025-01-05 14:43:01', NULL, 1, '{LNG_Borrow} &amp; {LNG_Add Borrow}', '{\"borrower_id\":1,\"borrow_no\":\"B6801-0005\",\"transaction_date\":\"2025-01-05\",\"borrow_date\":\"2025-01-05\",\"id\":20}'),
(319, 0, 'borrow', 'Delete', '2025-01-05 14:45:08', NULL, 1, '{LNG_Delete} {LNG_Borrow} &amp; {LNG_Return} ID : 20', NULL),
(320, 1, 'index', 'User', '2025-01-11 17:21:19', NULL, 1, '{LNG_Login} IP ::1', NULL),
(321, 21, 'borrow', 'Save', '2025-01-11 17:21:43', NULL, 1, '{LNG_Borrow} &amp; {LNG_Return} {LNG_Add Borrow}', '{\"borrower_id\":1,\"borrow_no\":\"B6801-0006\",\"transaction_date\":\"2025-01-11\",\"borrow_date\":\"2025-01-11\",\"return_date\":null,\"id\":21}'),
(322, 21, 'borrow', 'Status', '2025-01-11 17:22:05', NULL, 1, 'Acetophenone อนุมัติ', NULL),
(323, 21, 'borrow', 'Status', '2025-01-11 17:24:24', NULL, 1, 'Acetophenone ส่งมอบ', NULL),
(324, 21, 'borrow', 'Save', '2025-01-11 17:24:26', NULL, 1, '{LNG_Transaction details} {LNG_Borrow} &amp; {LNG_Return}', '{\"borrower_id\":1,\"borrow_no\":\"B6801-0006\",\"transaction_date\":\"2025-01-11\",\"borrow_date\":\"2025-01-11\",\"return_date\":null}'),
(325, 1, 'index', 'User', '2025-03-12 20:33:07', NULL, 1, '{LNG_Login} IP ::1', NULL),
(326, 6, 'index', 'User', '2025-03-12 20:47:11', NULL, 6, '{LNG_Login} IP ::1', NULL),
(327, 1, 'index', 'User', '2025-03-12 20:58:43', NULL, 1, '{LNG_Login} IP ::1', NULL),
(328, 9, 'index', 'User', '2025-03-12 21:34:01', NULL, 9, '{LNG_Create new account} ID : 9', NULL),
(329, 1, 'index', 'User', '2025-03-12 21:34:13', NULL, 1, '{LNG_Login} IP ::1', NULL),
(330, 1, 'index', 'User', '2025-03-12 21:42:05', NULL, 1, '{LNG_Editing your account} ID : 9', NULL),
(331, 1, 'index', 'User', '2025-03-12 21:43:06', NULL, 1, '{LNG_Login} IP ::1', NULL),
(332, 0, 'index', 'User', '2025-03-12 21:43:17', NULL, 1, '{LNG_Can login} ID : 9', NULL),
(333, 9, 'index', 'User', '2025-03-12 21:43:22', NULL, 9, '{LNG_Login} IP ::1', NULL),
(334, 1, 'index', 'User', '2025-03-12 21:48:13', NULL, 1, '{LNG_Login} IP ::1', NULL),
(335, 97, 'inventory', 'Save', '2025-03-12 21:57:33', NULL, 1, '{LNG_Equipment} ID : 97', NULL),
(336, 22, 'borrow', 'Save', '2025-03-12 22:33:54', NULL, 1, '{LNG_Borrow} &amp; {LNG_Return} {LNG_Add Borrow}', '{\"borrower_id\":1,\"borrow_no\":\"B6803-0001\",\"transaction_date\":\"2025-03-12\",\"borrow_date\":\"2025-03-12\",\"return_date\":null,\"advisor\":\"a\",\"id\":22}'),
(337, 22, 'borrow', 'Save', '2025-03-12 22:45:58', NULL, 1, '{LNG_Borrow} &amp; {LNG_Return} {LNG_Edit}', '{\"borrower_id\":1,\"borrow_no\":\"B6803-0001\",\"transaction_date\":\"2025-03-12\",\"borrow_date\":\"2025-03-12\",\"return_date\":null,\"advisor\":\"aaa\",\"id\":22}'),
(338, 1, 'index', 'User', '2025-03-12 22:49:36', NULL, 1, '{LNG_Login} IP ::1', NULL),
(339, 23, 'borrow', 'Save', '2025-03-12 22:57:19', NULL, 1, '{LNG_Borrow} &amp; {LNG_Return} {LNG_Add Borrow}', '{\"borrower_id\":1,\"borrow_no\":\"B6803-0002\",\"transaction_date\":\"2025-03-12\",\"borrow_date\":\"2025-03-12\",\"return_date\":null,\"advisor\":\"sss\",\"id\":23}'),
(340, 24, 'borrow', 'Save', '2025-03-12 23:05:31', NULL, 1, '{LNG_Borrow} &amp; {LNG_Return} {LNG_Add Borrow}', '{\"borrower_id\":1,\"borrow_no\":\"B6803-0003\",\"transaction_date\":\"2025-03-12\",\"borrow_date\":\"2025-03-12\",\"return_date\":null,\"advisor\":\"ssss\",\"id\":24}'),
(341, 25, 'borrow', 'Save', '2025-03-12 23:06:14', NULL, 1, '{LNG_Borrow} &amp; {LNG_Return} {LNG_Add Borrow}', '{\"borrower_id\":1,\"borrow_no\":\"B6803-0004\",\"transaction_date\":\"2025-03-12\",\"borrow_date\":\"2025-03-12\",\"return_date\":null,\"advisor\":\"ssssss\",\"id\":25}'),
(342, 25, 'borrow', 'Save', '2025-03-12 23:07:07', NULL, 1, '{LNG_Borrow} &amp; {LNG_Return} {LNG_Edit}', '{\"borrower_id\":1,\"borrow_no\":\"B6803-0004\",\"transaction_date\":\"2025-03-12\",\"borrow_date\":\"2025-03-12\",\"return_date\":null,\"advisor\":\"sisiri\",\"id\":25}'),
(343, 25, 'borrow', 'Save', '2025-03-12 23:07:13', NULL, 1, '{LNG_Borrow} &amp; {LNG_Return} {LNG_Edit}', '{\"borrower_id\":1,\"borrow_no\":\"B6803-0004\",\"transaction_date\":\"2025-03-12\",\"borrow_date\":\"2025-03-12\",\"return_date\":null,\"advisor\":\"sisiri\",\"id\":25}'),
(344, 26, 'borrow', 'Save', '2025-03-12 23:09:17', NULL, 1, '{LNG_Borrow} &amp; {LNG_Return} {LNG_Add Borrow}', '{\"borrower_id\":1,\"borrow_no\":\"B6803-0005\",\"transaction_date\":\"2025-03-12\",\"borrow_date\":\"2025-03-12\",\"return_date\":null,\"advisor\":\"aaaaaa\",\"id\":26}'),
(345, 27, 'borrow', 'Save', '2025-03-12 23:11:53', NULL, 1, '{LNG_Borrow} &amp; {LNG_Return} {LNG_Add Borrow}', '{\"borrower_id\":1,\"borrow_no\":\"B6803-0006\",\"transaction_date\":\"2025-03-12\",\"borrow_date\":\"2025-03-12\",\"return_date\":null,\"advisor\":\"ssssss\",\"id\":27}'),
(346, 28, 'borrow', 'Save', '2025-03-12 23:15:32', NULL, 1, '{LNG_Borrow} &amp; {LNG_Return} {LNG_Add Borrow}', '{\"borrower_id\":1,\"borrow_no\":\"B6803-0007\",\"transaction_date\":\"2025-03-12\",\"borrow_date\":\"2025-03-12\",\"return_date\":null,\"advisor\":\"หหหหห\",\"id\":28}'),
(347, 29, 'borrow', 'Save', '2025-03-12 23:17:39', NULL, 1, '{LNG_Borrow} &amp; {LNG_Return} {LNG_Add Borrow}', '{\"borrower_id\":1,\"borrow_no\":\"B6803-0008\",\"transaction_date\":\"2025-03-12\",\"borrow_date\":\"2025-03-12\",\"return_date\":null,\"advisor\":\"sssssss\",\"id\":29}'),
(348, 30, 'borrow', 'Save', '2025-03-12 23:21:28', NULL, 1, '{LNG_Borrow} &amp; {LNG_Return} {LNG_Add Borrow}', '{\"borrower_id\":1,\"borrow_no\":\"B6803-0009\",\"transaction_date\":\"2025-03-12\",\"borrow_date\":\"2025-03-12\",\"return_date\":null,\"advisor\":\"aaaaaaaaaaaa\",\"id\":30}'),
(349, 31, 'borrow', 'Save', '2025-03-12 23:23:45', NULL, 1, '{LNG_Borrow} &amp; {LNG_Return} {LNG_Add Borrow}', '{\"borrower_id\":1,\"borrow_no\":\"B6803-0010\",\"transaction_date\":\"2025-03-12\",\"borrow_date\":\"2025-03-12\",\"return_date\":null,\"advisor\":\"ssssssssssssss\",\"id\":31}'),
(350, 32, 'borrow', 'Save', '2025-03-12 23:25:43', NULL, 1, '{LNG_Borrow} &amp; {LNG_Return} {LNG_Add Borrow}', '{\"borrower_id\":1,\"borrow_no\":\"B6803-0011\",\"transaction_date\":\"2025-03-12\",\"borrow_date\":\"2025-03-12\",\"advisor\":\"aaaaaaaaaaa\",\"id\":32}'),
(351, 30, 'borrow', 'Save', '2025-03-12 23:26:40', NULL, 1, '{LNG_Borrow} &amp; {LNG_Return} {LNG_Edit}', '{\"borrower_id\":1,\"borrow_no\":\"B6803-0009\",\"transaction_date\":\"2025-03-12\",\"borrow_date\":\"2025-03-12\",\"advisor\":\"aaaaaaaaaaaa\",\"id\":30}'),
(352, 33, 'borrow', 'Save', '2025-03-12 23:29:44', NULL, 1, '{LNG_Borrow} &amp; {LNG_Return} {LNG_Add Borrow}', '{\"borrower_id\":1,\"borrow_no\":\"B6803-0012\",\"transaction_date\":\"2025-03-12\",\"borrow_date\":\"2025-03-12\",\"advisor\":\"ssssssssss\",\"id\":33}'),
(353, 34, 'borrow', 'Save', '2025-03-12 23:42:04', NULL, 1, '{LNG_Borrow} &amp; {LNG_Return} {LNG_Add Borrow}', '{\"borrower_id\":1,\"borrow_no\":\"B6803-0013\",\"transaction_date\":\"2025-03-12\",\"borrow_date\":\"2025-03-12\",\"advisor\":\"อาจารย์ a  06888888888\",\"id\":34}'),
(354, 34, 'borrow', 'Save', '2025-03-12 23:47:19', NULL, 1, '{LNG_Borrow} &amp; {LNG_Return} {LNG_Edit}', '{\"borrower_id\":1,\"borrow_no\":\"B6803-0013\",\"transaction_date\":\"2025-03-12\",\"borrow_date\":\"2025-03-12\",\"advisor\":\"อาจารย์ aaaaaaaaaaaaaaaaaaa  06888888888\",\"id\":34}'),
(355, 1, 'index', 'User', '2025-03-12 23:50:17', NULL, 1, '{LNG_Login} IP ::1', NULL),
(356, 34, 'borrow', 'Status', '2025-03-13 00:24:11', NULL, 1, 'COPPER SULFATE PENTAHYDRATE ไม่อนุมัติ', NULL),
(357, 34, 'borrow', 'Save', '2025-03-13 00:24:13', NULL, 1, '{LNG_Transaction details} {LNG_Borrow} &amp; {LNG_Return}', '{\"borrower_id\":1,\"borrow_no\":\"B6803-0013\",\"transaction_date\":\"2025-03-12\",\"borrow_date\":\"2025-03-12\",\"return_date\":null}'),
(358, 33, 'borrow', 'Status', '2025-03-13 00:25:03', NULL, 1, 'Potassium dihydrogen orthophosphate anhydrous ไม่อนุมัติ', NULL),
(359, 33, 'borrow', 'Save', '2025-03-13 00:25:04', NULL, 1, '{LNG_Transaction details} {LNG_Borrow} &amp; {LNG_Return}', '{\"borrower_id\":1,\"borrow_no\":\"B6803-0012\",\"transaction_date\":\"2025-03-12\",\"borrow_date\":\"2025-03-12\",\"return_date\":null}'),
(360, 9, 'index', 'User', '2025-03-13 00:37:29', NULL, 9, '{LNG_Login} IP ::1', NULL),
(361, 1, 'index', 'User', '2025-03-13 00:38:00', NULL, 1, '{LNG_Login} IP ::1', NULL),
(362, 1, 'index', 'User', '2025-03-13 01:03:04', NULL, 1, '{LNG_Login} IP ::1', NULL),
(363, 0, 'index', 'User', '2025-03-13 01:03:11', NULL, 1, '{LNG_Login as} ID : 5', NULL),
(364, 5, 'index', 'User', '2025-03-13 01:03:11', NULL, 5, '{LNG_Login} IP ::1', NULL),
(365, 1, 'borrow', 'Save', '2025-03-13 01:05:29', NULL, 5, '{LNG_Borrow} &amp; {LNG_Return} {LNG_Add Borrow}', '{\"borrower_id\":5,\"borrow_no\":\"B6803-0014\",\"transaction_date\":\"2025-03-13\",\"borrow_date\":\"2025-03-15\",\"advisor\":\"อาจารย์ สุรพล ชุ่มกลิ่น 0988888888\",\"id\":1}'),
(366, 2, 'borrow', 'Save', '2025-03-13 01:06:26', NULL, 5, '{LNG_Borrow} &amp; {LNG_Return} {LNG_Add Borrow}', '{\"borrower_id\":5,\"borrow_no\":\"B6803-0015\",\"transaction_date\":\"2025-03-13\",\"borrow_date\":\"2025-03-13\",\"advisor\":\"อาจารย์ สุรพล ชุ่มกลิ่น 0988888888\",\"id\":2}'),
(367, 3, 'borrow', 'Save', '2025-03-13 01:07:07', NULL, 5, '{LNG_Borrow} &amp; {LNG_Return} {LNG_Add Borrow}', '{\"borrower_id\":5,\"borrow_no\":\"B6803-0016\",\"transaction_date\":\"2025-03-13\",\"borrow_date\":\"2025-03-13\",\"advisor\":\"อาจารย์ สุรพล ชุ่มกลิ่น 0988888888\",\"id\":3}'),
(368, 1, 'index', 'User', '2025-03-13 01:07:14', NULL, 1, '{LNG_Login} IP ::1', NULL),
(369, 0, 'index', 'User', '2025-03-13 01:07:30', NULL, 1, '{LNG_Login as} ID : 6', NULL),
(370, 6, 'index', 'User', '2025-03-13 01:07:30', NULL, 6, '{LNG_Login} IP ::1', NULL),
(371, 1, 'borrow', 'Status', '2025-03-13 01:29:57', NULL, 6, '1-pentanol อนุมัติ', NULL),
(372, 1, 'borrow', 'Save', '2025-03-13 01:30:00', NULL, 6, '{LNG_Transaction details} {LNG_Borrow} &amp; {LNG_Return}', '{\"borrower_id\":5,\"borrow_no\":\"B6803-0014\",\"transaction_date\":\"2025-03-13\",\"borrow_date\":\"2025-03-15\",\"return_date\":null}'),
(373, 2, 'borrow', 'Status', '2025-03-13 01:30:21', NULL, 6, 'COPPER SULFATE PENTAHYDRATE อนุมัติ', NULL),
(374, 2, 'borrow', 'Status', '2025-03-13 01:30:35', NULL, 6, 'L-arginine monohydrochloride ไม่อนุมัติ', NULL),
(375, 2, 'borrow', 'Save', '2025-03-13 01:30:37', NULL, 6, '{LNG_Transaction details} {LNG_Borrow} &amp; {LNG_Return}', '{\"borrower_id\":5,\"borrow_no\":\"B6803-0015\",\"transaction_date\":\"2025-03-13\",\"borrow_date\":\"2025-03-13\",\"return_date\":null}'),
(376, 3, 'borrow', 'Status', '2025-03-13 01:30:53', NULL, 6, '1-pentanol อนุมัติ', NULL),
(377, 3, 'borrow', 'Status', '2025-03-13 01:31:00', NULL, 6, 'Acetanilide อนุมัติ', NULL),
(378, 3, 'borrow', 'Status', '2025-03-13 01:31:13', NULL, 6, 'Zinc Oxide อนุมัติ', NULL),
(379, 3, 'borrow', 'Save', '2025-03-13 01:31:15', NULL, 6, '{LNG_Transaction details} {LNG_Borrow} &amp; {LNG_Return}', '{\"borrower_id\":5,\"borrow_no\":\"B6803-0016\",\"transaction_date\":\"2025-03-13\",\"borrow_date\":\"2025-03-13\",\"return_date\":null}'),
(380, 1, 'borrow', 'Status', '2025-03-13 01:31:28', NULL, 6, '1-pentanol ส่งมอบ', NULL),
(381, 1, 'borrow', 'Save', '2025-03-13 01:31:29', NULL, 6, '{LNG_Transaction details} {LNG_Borrow} &amp; {LNG_Return}', '{\"borrower_id\":5,\"borrow_no\":\"B6803-0014\",\"transaction_date\":\"2025-03-13\",\"borrow_date\":\"2025-03-15\",\"return_date\":null}'),
(382, 2, 'borrow', 'Status', '2025-03-13 01:31:39', NULL, 6, 'COPPER SULFATE PENTAHYDRATE ส่งมอบ', NULL),
(383, 2, 'borrow', 'Save', '2025-03-13 01:31:40', NULL, 6, '{LNG_Transaction details} {LNG_Borrow} &amp; {LNG_Return}', '{\"borrower_id\":5,\"borrow_no\":\"B6803-0015\",\"transaction_date\":\"2025-03-13\",\"borrow_date\":\"2025-03-13\",\"return_date\":null}'),
(384, 3, 'borrow', 'Status', '2025-03-13 01:31:48', NULL, 6, '1-pentanol ส่งมอบ', NULL),
(385, 3, 'borrow', 'Status', '2025-03-13 01:31:53', NULL, 6, 'Acetanilide ส่งมอบ', NULL),
(386, 3, 'borrow', 'Save', '2025-03-13 01:31:55', NULL, 6, '{LNG_Transaction details} {LNG_Borrow} &amp; {LNG_Return}', '{\"borrower_id\":5,\"borrow_no\":\"B6803-0016\",\"transaction_date\":\"2025-03-13\",\"borrow_date\":\"2025-03-13\",\"return_date\":null}'),
(387, 1, 'index', 'User', '2025-03-13 01:32:18', NULL, 1, '{LNG_Login} IP ::1', NULL),
(388, 0, 'index', 'User', '2025-03-13 01:32:23', NULL, 1, '{LNG_Login as} ID : 5', NULL),
(389, 5, 'index', 'User', '2025-03-13 01:32:23', NULL, 5, '{LNG_Login} IP ::1', NULL),
(390, 4, 'borrow', 'Save', '2025-03-13 01:33:34', NULL, 5, '{LNG_Borrow} &amp; {LNG_Return} {LNG_Add Borrow}', '{\"borrower_id\":5,\"borrow_no\":\"B6803-0017\",\"transaction_date\":\"2025-03-13\",\"borrow_date\":\"2025-03-13\",\"advisor\":\"อาจารย์ สุรพล ชุ่มกลิ่น 0988888888\",\"id\":4}'),
(391, 1, 'index', 'User', '2025-03-13 01:33:59', NULL, 1, '{LNG_Login} IP ::1', NULL),
(392, 0, 'index', 'User', '2025-03-13 01:35:19', NULL, 1, '{LNG_Login as} ID : 5', NULL),
(393, 5, 'index', 'User', '2025-03-13 01:35:19', NULL, 5, '{LNG_Login} IP ::1', NULL),
(394, 1, 'index', 'User', '2025-03-13 01:35:40', NULL, 1, '{LNG_Login} IP ::1', NULL),
(395, 0, 'index', 'User', '2025-03-13 01:36:47', NULL, 1, '{LNG_Login as} ID : 5', NULL),
(396, 5, 'index', 'User', '2025-03-13 01:36:47', NULL, 5, '{LNG_Login} IP ::1', NULL),
(397, 1, 'index', 'User', '2025-03-13 01:36:54', NULL, 1, '{LNG_Login} IP ::1', NULL),
(398, 1, 'index', 'User', '2025-03-13 02:20:19', NULL, 1, '{LNG_Login} IP ::1', NULL),
(399, 1, 'index', 'User', '2025-03-13 02:22:46', NULL, 1, '{LNG_Editing your account} ID : 1', NULL),
(400, 1, 'index', 'User', '2025-03-13 04:19:47', NULL, 1, '{LNG_Login} IP ::1', NULL),
(401, 1, 'index', 'User', '2025-03-13 12:52:35', NULL, 1, '{LNG_Login} IP ::1', NULL),
(402, 97, 'inventory', 'Status', '2025-03-13 12:57:56', NULL, 1, 'หมดอายุตามฉลาก ID : 97', NULL),
(403, 97, 'inventory', 'Status', '2025-03-13 12:57:58', NULL, 1, 'ต้องการใช้ ID : 97', NULL),
(404, 97, 'inventory', 'Save', '2025-03-13 12:58:06', NULL, 1, '{LNG_Equipment} ID : 97', NULL),
(405, 1, 'inventory', 'Save', '2025-03-13 13:00:55', NULL, 1, '{LNG_Equipment} ID : 1', NULL),
(406, 1, 'inventory', 'Save', '2025-03-13 13:01:18', NULL, 1, '{LNG_Equipment} ID : 1', NULL),
(407, 2, 'inventory', 'Save', '2025-03-13 13:02:46', NULL, 1, '{LNG_Equipment} ID : 2', NULL),
(408, 97, 'inventory', 'Save', '2025-03-13 13:08:01', NULL, 1, '{LNG_Equipment} ID : 97', NULL),
(409, 1, 'inventory', 'Save', '2025-03-13 13:19:32', NULL, 1, '{LNG_Equipment} ID : 1', NULL),
(410, 2, 'inventory', 'Save', '2025-03-13 13:19:42', NULL, 1, '{LNG_Equipment} ID : 2', NULL),
(411, 97, 'inventory', 'Save', '2025-03-13 13:20:23', NULL, 1, '{LNG_Equipment} ID : 97', NULL),
(412, 97, 'inventory', 'Save', '2025-03-13 13:24:56', NULL, 1, '{LNG_Equipment} ID : 97', NULL);
INSERT INTO `app_logs` (`id`, `src_id`, `module`, `action`, `create_date`, `reason`, `member_id`, `topic`, `datas`) VALUES
(413, 98, 'inventory', 'Save', '2025-03-13 13:25:21', NULL, 1, '{LNG_Equipment} ID : 98', NULL),
(414, 1, 'index', 'User', '2025-03-13 13:34:54', NULL, 1, '{LNG_Login} IP ::1', NULL),
(415, 1, 'index', 'User', '2025-03-13 13:37:32', NULL, 1, '{LNG_Login} IP ::1', NULL),
(416, 1, 'index', 'User', '2025-03-13 13:39:14', NULL, 1, '{LNG_Login} IP ::1', NULL),
(417, 0, 'index', 'Save', '2025-03-13 13:40:03', NULL, 1, '{LNG_General site settings}', NULL),
(418, 10, 'index', 'User', '2025-03-13 13:42:29', NULL, 10, '{LNG_Create new account} ID : 10', NULL),
(419, 1, 'index', 'User', '2025-03-13 13:42:50', NULL, 1, '{LNG_Login} IP ::1', NULL),
(420, 0, 'index', 'User', '2025-03-13 13:43:51', NULL, 1, '{LNG_Can login} ID : 10', NULL),
(421, 10, 'index', 'User', '2025-03-13 13:43:59', NULL, 10, '{LNG_Login} IP ::1', NULL),
(422, 5, 'borrow', 'Save', '2025-03-13 13:49:07', NULL, 10, '{LNG_Borrow} &amp; {LNG_Return} {LNG_Add Borrow}', '{\"borrower_id\":10,\"borrow_no\":\"B6803-0018\",\"transaction_date\":\"2025-03-13\",\"borrow_date\":\"2025-03-13\",\"advisor\":\"อาจารย์ ราตรี คำมง \",\"id\":5}'),
(423, 10, 'index', 'User', '2025-03-13 13:54:55', NULL, 10, '{LNG_Editing your account} ID : 10', NULL),
(424, 6, 'index', 'User', '2025-03-13 13:55:21', NULL, 6, '{LNG_Login} IP ::1', NULL),
(425, 5, 'borrow', 'Status', '2025-03-13 14:00:53', NULL, 6, '1-hexanol อนุมัติ', NULL),
(426, 5, 'borrow', 'Status', '2025-03-13 14:01:13', NULL, 6, 'Acetophenone อนุมัติ', NULL),
(427, 5, 'borrow', 'Save', '2025-03-13 14:01:15', NULL, 6, '{LNG_Transaction details} {LNG_Borrow} &amp; {LNG_Return}', '{\"borrower_id\":10,\"borrow_no\":\"B6803-0018\",\"transaction_date\":\"2025-03-13\",\"borrow_date\":\"2025-03-13\",\"return_date\":null}'),
(428, 5, 'borrow', 'Status', '2025-03-13 14:02:05', NULL, 6, '1-hexanol อนุมัติ', NULL),
(429, 5, 'borrow', 'Status', '2025-03-13 14:02:51', NULL, 6, '1-hexanol ไม่อนุมัติ', NULL),
(430, 5, 'borrow', 'Save', '2025-03-13 14:02:53', NULL, 6, '{LNG_Transaction details} {LNG_Borrow} &amp; {LNG_Return}', '{\"borrower_id\":10,\"borrow_no\":\"B6803-0018\",\"transaction_date\":\"2025-03-13\",\"borrow_date\":\"2025-03-13\",\"return_date\":null}'),
(431, 3, 'borrow', 'Status', '2025-03-13 14:03:27', NULL, 6, 'Zinc Oxide ส่งมอบ', NULL),
(432, 3, 'borrow', 'Save', '2025-03-13 14:03:29', NULL, 6, '{LNG_Transaction details} {LNG_Borrow} &amp; {LNG_Return}', '{\"borrower_id\":5,\"borrow_no\":\"B6803-0016\",\"transaction_date\":\"2025-03-13\",\"borrow_date\":\"2025-03-13\",\"return_date\":null}'),
(433, 0, 'inventory', 'Save', '2025-03-13 14:07:03', NULL, 6, 'unit', NULL),
(434, 97, 'inventory', 'Save', '2025-03-13 14:13:06', NULL, 6, '{LNG_Equipment} ID : 97', NULL),
(435, 10, 'index', 'User', '2025-03-13 14:15:35', NULL, 10, '{LNG_Login} IP ::1', NULL),
(436, 6, 'index', 'User', '2025-03-13 14:17:48', NULL, 6, '{LNG_Login} IP ::1', NULL),
(437, 1, 'index', 'User', '2025-03-13 14:23:44', NULL, 1, '{LNG_Login} IP ::1', NULL),
(438, 0, 'index', 'User', '2025-03-13 14:24:40', NULL, 1, '{LNG_Update permission} ID : 7', NULL),
(439, 0, 'index', 'User', '2025-03-13 14:24:44', NULL, 1, '{LNG_Update permission} ID : 7', NULL),
(440, 0, 'index', 'User', '2025-03-13 14:30:19', NULL, 1, '{LNG_Login as} ID : 6', NULL),
(441, 6, 'index', 'User', '2025-03-13 14:30:19', NULL, 6, '{LNG_Login} IP ::1', NULL),
(442, 2, 'inventory', 'Save', '2025-03-13 14:33:38', NULL, 6, '{LNG_Serial/Registration No.} ID : 2', NULL),
(443, 1, 'index', 'User', '2025-03-16 23:10:25', NULL, 1, '{LNG_Login} IP ::1', NULL),
(444, 0, 'index', 'User', '2025-03-16 23:11:06', NULL, 1, '{LNG_Login as} ID : 10', NULL),
(445, 10, 'index', 'User', '2025-03-16 23:11:06', NULL, 10, '{LNG_Login} IP ::1', NULL),
(446, 10, 'index', 'User', '2025-03-16 23:11:20', NULL, 10, '{LNG_Editing your account} ID : 10', NULL),
(447, 1, 'index', 'User', '2025-03-16 23:11:32', NULL, 1, '{LNG_Login} IP ::1', NULL),
(448, 0, 'index', 'User', '2025-03-16 23:11:41', NULL, 1, '{LNG_Login as} ID : 10', NULL),
(449, 10, 'index', 'User', '2025-03-16 23:11:41', NULL, 10, '{LNG_Login} IP ::1', NULL),
(450, 1, 'index', 'User', '2025-03-16 23:11:53', NULL, 1, '{LNG_Login} IP ::1', NULL),
(451, 2, 'inventory', 'Save', '2025-03-16 23:12:16', NULL, 1, '{LNG_Equipment} ID : 2', NULL),
(452, 2, 'inventory', 'Save', '2025-03-16 23:12:43', NULL, 1, '{LNG_Equipment} ID : 2', NULL),
(453, 1, 'index', 'User', '2025-03-17 00:21:35', NULL, 1, '{LNG_Login} IP ::1', NULL),
(454, 2, 'inventory', 'Save', '2025-03-17 00:22:19', NULL, 1, '{LNG_Equipment} ID : 2', NULL),
(455, 2, 'inventory', 'Save', '2025-03-17 00:22:53', NULL, 1, '{LNG_Serial/Registration No.} ID : 2', NULL),
(456, 4, 'inventory', 'Save', '2025-03-17 00:24:41', NULL, 1, '{LNG_Equipment} ID : 4', NULL),
(457, 4, 'inventory', 'Save', '2025-03-17 00:25:16', NULL, 1, '{LNG_Serial/Registration No.} ID : 4', NULL),
(458, 4, 'inventory', 'Save', '2025-03-17 00:27:28', NULL, 1, '{LNG_Serial/Registration No.} ID : 4', NULL),
(459, 4, 'inventory', 'Save', '2025-03-17 00:27:35', NULL, 1, '{LNG_Equipment} ID : 4', NULL),
(460, 7, 'inventory', 'Save', '2025-03-17 00:39:02', NULL, 1, '{LNG_Serial/Registration No.} ID : 7', NULL),
(461, 9, 'inventory', 'Save', '2025-03-17 00:45:25', NULL, 1, '{LNG_Serial/Registration No.} ID : 9', NULL),
(462, 1, 'inventory', 'Save', '2025-03-17 00:47:48', NULL, 1, '{LNG_Serial/Registration No.} ID : 1', NULL),
(463, 2, 'inventory', 'Save', '2025-03-17 00:48:41', NULL, 1, '{LNG_Equipment} ID : 2', NULL),
(464, 27, 'inventory', 'Save', '2025-03-17 00:55:51', NULL, 1, '{LNG_Serial/Registration No.} ID : 27', NULL),
(465, 27, 'inventory', 'Save', '2025-03-17 00:57:57', NULL, 1, '{LNG_Serial/Registration No.} ID : 27', NULL),
(466, 28, 'inventory', 'Save', '2025-03-17 00:58:19', NULL, 1, '{LNG_Serial/Registration No.} ID : 28', NULL),
(467, 28, 'inventory', 'Save', '2025-03-17 00:59:59', NULL, 1, '{LNG_Serial/Registration No.} ID : 28', NULL),
(468, 34, 'inventory', 'Save', '2025-03-17 01:00:31', NULL, 1, '{LNG_Serial/Registration No.} ID : 34', NULL),
(469, 19, 'inventory', 'Save', '2025-03-17 01:03:57', NULL, 1, '{LNG_Serial/Registration No.} ID : 19', NULL),
(470, 19, 'inventory', 'Save', '2025-03-17 01:04:45', NULL, 1, '{LNG_Serial/Registration No.} ID : 19', NULL),
(471, 37, 'inventory', 'Save', '2025-03-17 01:06:50', NULL, 1, '{LNG_Serial/Registration No.} ID : 37', NULL),
(472, 37, 'inventory', 'Save', '2025-03-17 01:15:37', NULL, 1, '{LNG_Serial/Registration No.} ID : 37', NULL),
(473, 1, 'index', 'User', '2025-03-17 01:21:35', NULL, 1, '{LNG_Login} IP ::1', NULL),
(474, 1, 'inventory', 'Save', '2025-03-17 01:26:20', NULL, 1, '{LNG_Serial/Registration No.} ID : 1', NULL),
(475, 2, 'inventory', 'Save', '2025-03-17 01:29:22', NULL, 1, '{LNG_Serial/Registration No.} ID : 2', NULL),
(476, 3, 'inventory', 'Save', '2025-03-17 01:30:22', NULL, 1, '{LNG_Serial/Registration No.} ID : 3', NULL),
(477, 4, 'inventory', 'Save', '2025-03-17 01:30:46', NULL, 1, '{LNG_Serial/Registration No.} ID : 4', NULL),
(478, 7, 'inventory', 'Save', '2025-03-17 01:31:15', NULL, 1, '{LNG_Serial/Registration No.} ID : 7', NULL),
(479, 8, 'inventory', 'Save', '2025-03-17 01:31:36', NULL, 1, '{LNG_Serial/Registration No.} ID : 8', NULL),
(480, 9, 'inventory', 'Save', '2025-03-17 01:31:56', NULL, 1, '{LNG_Serial/Registration No.} ID : 9', NULL),
(481, 19, 'inventory', 'Save', '2025-03-17 01:33:19', NULL, 1, '{LNG_Serial/Registration No.} ID : 19', NULL),
(482, 24, 'inventory', 'Save', '2025-03-17 01:33:52', NULL, 1, '{LNG_Serial/Registration No.} ID : 24', NULL),
(483, 27, 'inventory', 'Save', '2025-03-17 01:34:13', NULL, 1, '{LNG_Serial/Registration No.} ID : 27', NULL),
(484, 28, 'inventory', 'Save', '2025-03-17 01:34:34', NULL, 1, '{LNG_Serial/Registration No.} ID : 28', NULL),
(485, 34, 'inventory', 'Save', '2025-03-17 01:34:57', NULL, 1, '{LNG_Serial/Registration No.} ID : 34', NULL),
(486, 94, 'inventory', 'Save', '2025-03-17 01:35:40', NULL, 1, '{LNG_Serial/Registration No.} ID : 94', NULL),
(487, 0, 'inventory', 'Delete', '2025-03-17 01:36:05', NULL, 1, '{LNG_Delete} {LNG_Inventory} ID : 97', NULL),
(488, 95, 'inventory', 'Save', '2025-03-17 01:36:29', NULL, 1, '{LNG_Serial/Registration No.} ID : 95', NULL),
(489, 0, 'index', 'User', '2025-03-17 02:04:13', NULL, 1, '{LNG_Delete} {LNG_User} ID : 9', NULL),
(490, 1, 'index', 'User', '2025-03-17 02:15:11', NULL, 1, '{LNG_Editing your account} ID : 5', NULL),
(491, 1, 'index', 'User', '2025-03-17 02:16:45', NULL, 1, '{LNG_Editing your account} ID : 5', NULL),
(492, 1, 'index', 'User', '2025-03-17 02:17:27', NULL, 1, '{LNG_Editing your account} ID : 5', NULL),
(493, 1, 'index', 'User', '2025-03-17 02:23:06', NULL, 1, '{LNG_Login} IP ::1', NULL),
(494, 1, 'index', 'User', '2025-03-17 02:24:03', NULL, 1, '{LNG_Editing your account} ID : 5', NULL),
(495, 1, 'index', 'User', '2025-03-17 02:54:33', NULL, 1, '{LNG_Editing your account} ID : 5', NULL),
(496, 1, 'index', 'User', '2025-03-17 02:54:43', NULL, 1, '{LNG_Editing your account} ID : 5', NULL),
(497, 1, 'index', 'User', '2025-03-17 02:55:24', NULL, 1, '{LNG_Editing your account} ID : 5', NULL),
(498, 4, 'borrow', 'Save', '2025-03-17 02:58:43', NULL, 1, '{LNG_Transaction details} {LNG_Borrow} &amp; {LNG_Return}', '{\"borrower_id\":5,\"borrow_no\":\"B6803-0017\",\"transaction_date\":\"2025-03-13\",\"borrow_date\":\"2025-03-17\",\"return_date\":null}'),
(499, 4, 'borrow', 'Status', '2025-03-17 02:59:02', NULL, 1, 'COPPER SULFATE PENTAHYDRATE รอตรวจสอบ', NULL),
(500, 4, 'borrow', 'Status', '2025-03-17 02:59:18', NULL, 1, 'COPPER SULFATE PENTAHYDRATE อนุมัติ', NULL),
(501, 4, 'borrow', 'Save', '2025-03-17 02:59:19', NULL, 1, '{LNG_Transaction details} {LNG_Borrow} &amp; {LNG_Return}', '{\"borrower_id\":5,\"borrow_no\":\"B6803-0017\",\"transaction_date\":\"2025-03-13\",\"borrow_date\":\"2025-03-17\",\"return_date\":null}'),
(502, 0, 'index', 'User', '2025-03-17 03:00:06', NULL, 1, '{LNG_Login as} ID : 5', NULL),
(503, 5, 'index', 'User', '2025-03-17 03:00:06', NULL, 5, '{LNG_Login} IP ::1', NULL),
(504, 1, 'index', 'User', '2025-03-17 03:01:00', NULL, 1, '{LNG_Login} IP ::1', NULL),
(505, 4, 'borrow', 'Save', '2025-03-17 03:01:16', NULL, 1, '{LNG_Transaction details} {LNG_Borrow} &amp; {LNG_Return}', '{\"borrower_id\":5,\"borrow_no\":\"B6803-0017\",\"transaction_date\":\"2025-03-13\",\"borrow_date\":\"2025-03-19\",\"return_date\":null}'),
(506, 0, 'index', 'User', '2025-03-17 03:01:27', NULL, 1, '{LNG_Login as} ID : 5', NULL),
(507, 5, 'index', 'User', '2025-03-17 03:01:27', NULL, 5, '{LNG_Login} IP ::1', NULL),
(508, 5, 'index', 'User', '2025-03-17 03:17:44', NULL, 5, '{LNG_Editing your account} ID : 5', NULL),
(509, 5, 'index', 'User', '2025-03-17 03:25:26', NULL, 5, '{LNG_Editing your account} ID : 5', NULL),
(510, 5, 'index', 'User', '2025-03-17 03:27:55', NULL, 5, '{LNG_Editing your account} ID : 5', NULL),
(511, 1, 'index', 'User', '2025-03-17 03:28:31', NULL, 1, '{LNG_Login} IP ::1', NULL),
(512, 6, 'borrow', 'Save', '2025-03-17 03:30:53', NULL, 1, '{LNG_Borrow} &amp; {LNG_Return} {LNG_Add Borrow}', '{\"borrower_id\":1,\"borrow_no\":\"B6803-0019\",\"transaction_date\":\"2025-03-17\",\"borrow_date\":\"2025-03-19\",\"id\":6}'),
(513, 6, 'borrow', 'Save', '2025-03-17 03:31:51', NULL, 1, '{LNG_Borrow} &amp; {LNG_Return} {LNG_Edit}', '{\"borrower_id\":1,\"borrow_no\":\"B6803-0019\",\"transaction_date\":\"2025-03-17\",\"borrow_date\":\"2025-03-19\",\"id\":6}'),
(514, 7, 'borrow', 'Save', '2025-03-17 03:32:02', NULL, 1, 'คำขอเบิกถูกส่งไปยังพนักงานแล้ว', '{\"borrower_id\":1,\"borrow_no\":\"B6803-0020\",\"transaction_date\":\"2025-03-17\",\"borrow_date\":\"2025-03-17\",\"id\":7}'),
(515, 8, 'borrow', 'Save', '2025-03-17 03:33:46', NULL, 1, 'ส่งคำขอเบิกไปยังพนักงานแล้ว', '{\"borrower_id\":1,\"borrow_no\":\"B6803-0021\",\"transaction_date\":\"2025-03-17\",\"borrow_date\":\"2025-03-17\",\"id\":8}'),
(516, 9, 'borrow', 'Save', '2025-03-17 03:34:32', NULL, 1, 'ส่งคำขอเบิกไปยังพนักงานแล้ว', '{\"borrower_id\":1,\"borrow_no\":\"B6803-0022\",\"transaction_date\":\"2025-03-17\",\"borrow_date\":\"2025-03-17\",\"id\":9}'),
(517, 10, 'borrow', 'Save', '2025-03-17 03:34:44', NULL, 1, 'ส่งคำขอเบิกไปยังพนักงานแล้ว', '{\"borrower_id\":1,\"borrow_no\":\"B6803-0023\",\"transaction_date\":\"2025-03-17\",\"borrow_date\":\"2025-03-17\",\"id\":10}'),
(518, 0, 'borrow', 'Delete', '2025-03-17 03:34:52', NULL, 1, '{LNG_Delete} {LNG_Borrow}  ID : 6', NULL),
(519, 0, 'borrow', 'Delete', '2025-03-17 03:34:53', NULL, 1, '{LNG_Delete} {LNG_Borrow}  ID : 7', NULL),
(520, 0, 'borrow', 'Delete', '2025-03-17 03:34:53', NULL, 1, '{LNG_Delete} {LNG_Borrow}  ID : 8', NULL),
(521, 0, 'borrow', 'Delete', '2025-03-17 03:34:54', NULL, 1, '{LNG_Delete} {LNG_Borrow}  ID : 9', NULL),
(522, 0, 'borrow', 'Delete', '2025-03-17 03:34:54', NULL, 1, '{LNG_Delete} {LNG_Borrow}  ID : 10', NULL),
(523, 11, 'borrow', 'Save', '2025-03-17 03:42:15', NULL, 1, 'ส่งคำขอเบิกไปยังพนักงานแล้ว', '{\"borrower_id\":1,\"borrow_no\":\"B6803-0024\",\"transaction_date\":\"2025-03-17\",\"borrow_date\":\"2025-03-17\",\"id\":11}'),
(524, 0, 'borrow', 'Delete', '2025-03-17 03:45:09', NULL, 1, '{LNG_Delete} {LNG_Borrow}  ID : 11', NULL),
(525, 0, 'index', 'User', '2025-03-17 03:45:18', NULL, 1, '{LNG_Login as} ID : 5', NULL),
(526, 5, 'index', 'User', '2025-03-17 03:45:18', NULL, 5, '{LNG_Login} IP ::1', NULL),
(527, 12, 'borrow', 'Save', '2025-03-17 03:45:26', NULL, 5, 'ส่งคำขอเบิกไปยังพนักงานแล้ว', '{\"borrower_id\":5,\"borrow_no\":\"B6803-0025\",\"transaction_date\":\"2025-03-17\",\"borrow_date\":\"2025-03-17\",\"id\":12}'),
(528, 1, 'index', 'User', '2025-03-17 03:45:38', NULL, 1, '{LNG_Login} IP ::1', NULL),
(529, 0, 'index', 'User', '2025-03-17 04:09:49', NULL, 1, '{LNG_Login as} ID : 5', NULL),
(530, 5, 'index', 'User', '2025-03-17 04:09:49', NULL, 5, '{LNG_Login} IP ::1', NULL),
(531, 5, 'index', 'User', '2025-03-17 04:10:16', NULL, 5, '{LNG_Editing your account} ID : 5', NULL),
(532, 1, 'index', 'User', '2025-03-17 04:10:37', NULL, 1, '{LNG_Login} IP ::1', NULL),
(533, 11, 'index', 'User', '2025-03-17 04:23:06', NULL, 11, '{LNG_Create new account} ID : 11', NULL),
(534, 1, 'index', 'User', '2025-03-17 04:23:19', NULL, 1, '{LNG_Login} IP ::1', NULL),
(535, 0, 'index', 'User', '2025-03-17 04:24:51', NULL, 1, '{LNG_Can login} ID : 11', NULL),
(536, 0, 'index', 'User', '2025-03-17 04:24:58', NULL, 1, '{LNG_Login as} ID : 11', NULL),
(537, 11, 'index', 'User', '2025-03-17 04:24:58', NULL, 11, '{LNG_Login} IP ::1', NULL),
(538, 1, 'index', 'User', '2025-03-17 04:28:53', NULL, 1, '{LNG_Login} IP ::1', NULL),
(539, 1, 'index', 'User', '2025-03-17 04:30:07', NULL, 1, '{LNG_Create new account} ID : 12', NULL),
(540, 0, 'index', 'User', '2025-03-17 04:30:14', NULL, 1, '{LNG_Login as} ID : 11', NULL),
(541, 11, 'index', 'User', '2025-03-17 04:30:14', NULL, 11, '{LNG_Login} IP ::1', NULL),
(542, 1, 'index', 'User', '2025-03-17 04:32:15', NULL, 1, '{LNG_Login} IP ::1', NULL),
(543, 12, 'index', 'User', '2025-03-17 04:36:45', NULL, 12, '{LNG_Login} IP ::1', NULL),
(544, 1, 'index', 'User', '2025-03-17 04:45:01', NULL, 1, '{LNG_Login} IP ::1', NULL),
(545, 1, 'index', 'User', '2025-03-17 04:46:59', NULL, 1, '{LNG_Login} IP ::1', NULL),
(546, 0, 'index', 'User', '2025-03-17 04:47:27', NULL, 1, '{LNG_Delete} {LNG_User} ID : 11, 12', NULL),
(547, 1, 'inventory', 'Save', '2025-03-17 04:48:23', NULL, 1, '{LNG_Equipment} ID : 1', NULL),
(548, 1, 'inventory', 'Save', '2025-03-17 04:48:37', NULL, 1, '{LNG_Equipment} ID : 1', NULL),
(549, 1, 'inventory', 'Save', '2025-03-17 05:07:44', NULL, 1, '{LNG_Equipment} ID : 1', NULL),
(550, 97, 'inventory', 'Save', '2025-03-17 05:26:17', NULL, 1, '{LNG_Equipment} ID : 97', NULL),
(551, 1, 'inventory', 'Save', '2025-03-17 05:26:48', NULL, 1, '{LNG_Equipment} ID : 1', NULL),
(552, 2, 'inventory', 'Save', '2025-03-17 05:27:17', NULL, 1, '{LNG_Equipment} ID : 2', NULL),
(553, 2, 'inventory', 'Save', '2025-03-17 05:27:58', NULL, 1, '{LNG_Equipment} ID : 2', NULL),
(554, 3, 'inventory', 'Save', '2025-03-17 05:39:24', NULL, 1, '{LNG_Equipment} ID : 3', NULL),
(555, 2, 'inventory', 'Save', '2025-03-17 05:39:39', NULL, 1, '{LNG_Equipment} ID : 2', NULL),
(556, 2, 'inventory', 'Save', '2025-03-17 05:41:28', NULL, 1, '{LNG_Equipment} ID : 2', NULL),
(557, 1, 'index', 'User', '2025-03-17 05:47:49', NULL, 1, '{LNG_Login} IP ::1', NULL),
(558, 2, 'inventory', 'Save', '2025-03-17 05:48:02', NULL, 1, '{LNG_Equipment} ID : 2', NULL),
(559, 97, 'inventory', 'Save', '2025-03-17 05:51:53', NULL, 1, '{LNG_Equipment} ID : 97', NULL),
(560, 1, 'index', 'User', '2025-03-17 05:52:30', NULL, 1, '{LNG_Login} IP ::1', NULL),
(561, 97, 'inventory', 'Save', '2025-03-17 05:52:50', NULL, 1, '{LNG_Equipment} ID : 97', NULL),
(562, 97, 'inventory', 'Save', '2025-03-17 05:58:29', NULL, 1, '{LNG_Equipment} ID : 97', NULL),
(563, 97, 'inventory', 'Save', '2025-03-17 05:59:59', NULL, 1, '{LNG_Equipment} ID : 97', NULL),
(564, 0, 'inventory', 'Delete', '2025-03-17 06:00:14', NULL, 1, '{LNG_Delete} {LNG_Inventory} ID : 97', NULL),
(565, 2, 'inventory', 'Save', '2025-03-17 06:00:28', NULL, 1, '{LNG_Equipment} ID : 2', NULL);

-- --------------------------------------------------------

--
-- Table structure for table `app_number`
--

CREATE TABLE `app_number` (
  `type` varchar(20) NOT NULL,
  `prefix` varchar(20) NOT NULL,
  `auto_increment` int(11) NOT NULL,
  `last_update` date DEFAULT NULL
) ENGINE=InnoDB DEFAULT CHARSET=utf8 COLLATE=utf8_general_ci;

--
-- Dumping data for table `app_number`
--

INSERT INTO `app_number` (`type`, `prefix`, `auto_increment`, `last_update`) VALUES
('borrow_no', 'B6712-', 15, '2024-12-15'),
('borrow_no', 'B6801-', 6, '2025-01-05'),
('borrow_no', 'B6803-', 25, '2025-03-12');

-- --------------------------------------------------------

--
-- Table structure for table `app_user`
--

CREATE TABLE `app_user` (
  `id` int(11) NOT NULL,
  `username` varchar(50) DEFAULT NULL,
  `salt` varchar(32) DEFAULT '',
  `password` varchar(50) NOT NULL,
  `token` varchar(50) DEFAULT NULL,
  `status` tinyint(1) DEFAULT 0,
  `permission` text DEFAULT '',
  `name` varchar(150) NOT NULL,
  `sex` varchar(1) DEFAULT NULL,
  `id_card` varchar(13) DEFAULT NULL,
  `address` varchar(150) DEFAULT NULL,
  `phone` varchar(32) DEFAULT NULL,
  `provinceID` varchar(3) DEFAULT NULL,
  `province` varchar(50) DEFAULT NULL,
  `zipcode` varchar(10) DEFAULT NULL,
  `country` varchar(2) DEFAULT 'TH',
  `create_date` datetime DEFAULT NULL,
  `active` tinyint(1) DEFAULT 1,
  `social` tinyint(1) DEFAULT 0,
  `line_uid` varchar(33) DEFAULT NULL,
  `activatecode` varchar(32) NOT NULL DEFAULT '',
  `major` varchar(100) DEFAULT NULL,
  `p_name` varchar(50) NOT NULL,
  `p_phone` varchar(10) NOT NULL
) ENGINE=InnoDB DEFAULT CHARSET=utf8 COLLATE=utf8_general_ci;

--
-- Dumping data for table `app_user`
--

INSERT INTO `app_user` (`id`, `username`, `salt`, `password`, `token`, `status`, `permission`, `name`, `sex`, `id_card`, `address`, `phone`, `provinceID`, `province`, `zipcode`, `country`, `create_date`, `active`, `social`, `line_uid`, `activatecode`, `major`, `p_name`, `p_phone`) VALUES
(1, 'uru@admin', 'dfe076cecfef6', '018ad7b27308131caeeefe87a14c302a7f86f140', '35e939e886f281b4997f3c4f1e81d27aa46d5081', 1, '', 'แอดมิน', 'u', '64042380111', '', NULL, '', '', '', 'TH', '2024-12-13 13:37:54', 1, 0, NULL, '', NULL, '', '0'),
(2, 'demo', '675c2aa2618fe', 'e630a4db08704e4707630cfdeeaba0dddecc02d3', NULL, 0, '', 'ตัวอย่าง', NULL, NULL, NULL, NULL, NULL, NULL, NULL, 'TH', '2024-12-13 13:37:54', 1, 0, NULL, '', NULL, '', '0'),
(3, 'uru@user', '7f4183d4086d4', '14717633bafd031d6a793329c9672be77d0e1c9b', '8c2ce55f091017323fe60b0c82aa279e64a63120', 0, '', 'นักศึกษา', 'u', NULL, '', NULL, '', '', '', 'TH', '2024-12-13 19:41:17', 1, 0, NULL, '', NULL, '', '0'),
(4, '1539900804965', '1c2e563d80892', '40d74431b6ebeaacf5405be9637edb6d30343df5', NULL, 0, '', 'เมธาวี พราหมณ์แก้ว', NULL, NULL, NULL, NULL, NULL, NULL, NULL, 'TH', '2024-12-15 21:59:17', 0, 0, NULL, '', NULL, '', '0'),
(5, 'u64042380117@uru.ac.th', '8470eba72a76e', '40a166d7aa650b8eb93e50f5e3b77a7dc1738bf9', '89f282a3205efe4350dc13210a57c111c7eeb59f', 0, '', 'สิทธิชัย ฐานะ', 'm', '64042380117', '84/5 ม.3 ต.พระธาตุ', '0987654322', '63', 'ตาก', '63140', 'TH', '2024-12-16 04:11:47', 1, 0, NULL, '', 'CS', 'อาจารย์ ราตรี คำมง', '0841112112'),
(6, 'uru@worker', '1e2d22dd1ef91', 'e0abf76213cde45c771b2f6e7f523e6773e00b94', '205d8800185a2af9b48a1f3aa1ec67dc5588e3c2', 3, ',can_view_usage_history,can_approve_borrow,can_manage_inventory,', 'เจ้าหน้าที่', 'u', NULL, '', NULL, '', '', '', 'TH', '2024-12-16 08:24:44', 1, 0, NULL, '', NULL, '', '0'),
(7, 'u64042380121@uru.ac.th', '626723a2cde68', '7c7d3d21b689e45613abb7bd864f2c570662dc7a', NULL, 0, '', 'อภิญญา ปาละวงศ์', NULL, NULL, NULL, NULL, NULL, NULL, NULL, 'TH', '2024-12-16 16:08:59', 1, 0, NULL, '', NULL, '', '0'),
(8, 'jumroon@uru.ac.th', 'f9ab9223b2297', 'c907999453ab3281cc4b4c7ea65e2739d846c746', '0f6650fe4fe0ff4c48227858e18b37e264402e7c', 2, '', 'จำรูญ จันทร์กุญชร', 'u', NULL, '', NULL, '', '', '', 'TH', '2024-12-16 16:13:43', 1, 0, NULL, '', NULL, '', '0'),
(10, 'sittichai@gmail.com', '75c804d3db5a4', '2b9f8d189c5e5ea0b8c3593e6238496258e02e80', '0f83a5e8448c69d93b9220c6d3252d2cc41f8f65', 0, '', 'สิทธิชัย ฐานะ', 'u', NULL, '', NULL, '', '', '', 'TH', '2025-03-13 13:42:29', 1, 0, NULL, '', 'วิทยาการคอมพิวเตอร์', '', '0');

-- --------------------------------------------------------

--
-- Table structure for table `app_user_meta`
--

CREATE TABLE `app_user_meta` (
  `value` varchar(10) NOT NULL,
  `name` varchar(20) NOT NULL,
  `member_id` int(11) NOT NULL
) ENGINE=InnoDB DEFAULT CHARSET=utf8 COLLATE=utf8_general_ci;

--
-- Indexes for dumped tables
--

--
-- Indexes for table `app_borrow`
--
ALTER TABLE `app_borrow`
  ADD PRIMARY KEY (`id`);

--
-- Indexes for table `app_borrow_items`
--
ALTER TABLE `app_borrow_items`
  ADD PRIMARY KEY (`borrow_id`,`id`);

--
-- Indexes for table `app_category`
--
ALTER TABLE `app_category`
  ADD KEY `type` (`type`),
  ADD KEY `category_id` (`category_id`),
  ADD KEY `language` (`language`);

--
-- Indexes for table `app_inventory`
--
ALTER TABLE `app_inventory`
  ADD PRIMARY KEY (`id`),
  ADD KEY `category_id` (`category_id`),
  ADD KEY `model_id` (`model_id`),
  ADD KEY `type_id` (`type_id`);

--
-- Indexes for table `app_inventory_items`
--
ALTER TABLE `app_inventory_items`
  ADD PRIMARY KEY (`product_no`),
  ADD KEY `inventory_id` (`inventory_id`);

--
-- Indexes for table `app_inventory_meta`
--
ALTER TABLE `app_inventory_meta`
  ADD KEY `inventory_id` (`inventory_id`),
  ADD KEY `name` (`name`);

--
-- Indexes for table `app_language`
--
ALTER TABLE `app_language`
  ADD PRIMARY KEY (`id`);

--
-- Indexes for table `app_logs`
--
ALTER TABLE `app_logs`
  ADD PRIMARY KEY (`id`),
  ADD KEY `src_id` (`src_id`),
  ADD KEY `module` (`module`),
  ADD KEY `action` (`action`);

--
-- Indexes for table `app_number`
--
ALTER TABLE `app_number`
  ADD PRIMARY KEY (`type`,`prefix`);

--
-- Indexes for table `app_user`
--
ALTER TABLE `app_user`
  ADD PRIMARY KEY (`id`),
  ADD KEY `line_uid` (`line_uid`),
  ADD KEY `username` (`username`),
  ADD KEY `token` (`token`),
  ADD KEY `phone` (`phone`),
  ADD KEY `id_card` (`id_card`),
  ADD KEY `activatecode` (`activatecode`);

--
-- Indexes for table `app_user_meta`
--
ALTER TABLE `app_user_meta`
  ADD KEY `member_id` (`member_id`,`name`);

--
-- AUTO_INCREMENT for dumped tables
--

--
-- AUTO_INCREMENT for table `app_borrow`
--
ALTER TABLE `app_borrow`
  MODIFY `id` int(11) NOT NULL AUTO_INCREMENT, AUTO_INCREMENT=13;

--
-- AUTO_INCREMENT for table `app_inventory`
--
ALTER TABLE `app_inventory`
  MODIFY `id` int(11) NOT NULL AUTO_INCREMENT, AUTO_INCREMENT=315;

--
-- AUTO_INCREMENT for table `app_language`
--
ALTER TABLE `app_language`
  MODIFY `id` int(11) NOT NULL AUTO_INCREMENT, AUTO_INCREMENT=366;

--
-- AUTO_INCREMENT for table `app_logs`
--
ALTER TABLE `app_logs`
  MODIFY `id` int(11) NOT NULL AUTO_INCREMENT, AUTO_INCREMENT=566;

--
-- AUTO_INCREMENT for table `app_user`
--
ALTER TABLE `app_user`
  MODIFY `id` int(11) NOT NULL AUTO_INCREMENT, AUTO_INCREMENT=13;
COMMIT;

/*!40101 SET CHARACTER_SET_CLIENT=@OLD_CHARACTER_SET_CLIENT */;
/*!40101 SET CHARACTER_SET_RESULTS=@OLD_CHARACTER_SET_RESULTS */;
/*!40101 SET COLLATION_CONNECTION=@OLD_COLLATION_CONNECTION */;
